Dataset,Metric,Comparison,Test Type,P-value,Significance,Mean_Diff (OPNs - Base),95% CI Lower,95% CI Upper
iris,F1,OPNs vs EDK,Paired t-test,0.00036971412971647605,** (p<0.01),0.48231236776850395,0.284713063491163,0.6799116720458449
iris,F1,OPNs vs MDK,Wilcoxon test,0.001953125,** (p<0.01),0.6683113816053743,0.49254389691039624,0.8440788663003523
iris,F1,OPNs vs CDK,Wilcoxon test,0.001953125,** (p<0.01),0.7397617492667856,0.5937690292798554,0.8857544692537158
iris,F1,OPNs vs KKM(p),Wilcoxon test,0.001953125,** (p<0.01),0.10908162528076445,0.10515421967629855,0.11300903088523036
iris,F1,OPNs vs KKM(l),Paired t-test,7.05936590573787e-12,** (p<0.01),0.13960004392205333,0.1325304222516313,0.14666966559247535
iris,F1,OPNs vs KKM(r),Wilcoxon test,0.001953125,** (p<0.01),0.1314669882895138,0.12825627702847897,0.13467769955054865
iris,F1,OPNs vs TDEC,Wilcoxon test,0.037109375,* (p<0.05),0.12506669723895564,0.0040248127063993305,0.24610858177151196
iris,F1,OPNs vs ZEUS,Wilcoxon test,0.013671875,* (p<0.05),0.0920892402389556,0.034544585244959465,0.14963389523295173
iris,F1,OPNs vs IDC,Paired t-test,0.7053871235823391,ns (Not Significant),0.005623752117435432,-0.02697068097242123,0.038218185207292095
balance,F1,OPNs vs EDK,Wilcoxon test,0.001953125,** (p<0.01),0.15082230234483346,0.08372945305071344,0.21791515163895347
balance,F1,OPNs vs MDK,Paired t-test,0.00010030924795596734,** (p<0.01),0.1978466768302921,0.1299419328356911,0.2657514208248931
balance,F1,OPNs vs CDK,Paired t-test,0.00026486028133503666,** (p<0.01),0.19041326022080535,0.11593657390630685,0.26488994653530384
balance,F1,OPNs vs KKM(p),Paired t-test,2.713237867248988e-07,** (p<0.01),0.05391317850775641,0.04491454563042203,0.0629118113850908
balance,F1,OPNs vs KKM(l),Paired t-test,5.411848288967819e-07,** (p<0.01),0.04462635533120747,0.036554118977102694,0.05269859168531225
balance,F1,OPNs vs KKM(r),Paired t-test,1.3210667527562023e-05,** (p<0.01),0.05202442999335931,0.03822769547134483,0.06582116451537379
balance,F1,OPNs vs TDEC,Paired t-test,0.3752810254654336,ns (Not Significant),-0.024442743169573865,-0.08372087778718831,0.03483539144804059
balance,F1,OPNs vs ZEUS,Paired t-test,0.0012542699962115606,** (p<0.01),0.08926082203042614,0.04555519140913699,0.13296645265171528
balance,F1,OPNs vs IDC,Wilcoxon test,0.001953125,** (p<0.01),-0.11998481741172833,-0.12933568168510606,-0.1106339531383506
weather,F1,OPNs vs EDK,Paired t-test,6.792834827649378e-07,** (p<0.01),0.44233620245857336,0.36016704775640696,0.5245053571607398
weather,F1,OPNs vs MDK,Wilcoxon test,0.001953125,** (p<0.01),0.4151989918431019,0.315045754213811,0.5153522294723928
weather,F1,OPNs vs CDK,Wilcoxon test,0.001953125,** (p<0.01),0.4648112636292868,0.384414027149636,0.5452085001089376
weather,F1,OPNs vs KKM(p),Paired t-test,5.499494947012343e-07,** (p<0.01),0.28289631409877647,0.23162842495801506,0.3341642032395379
weather,F1,OPNs vs KKM(l),Wilcoxon test,0.001953125,** (p<0.01),0.2665918019315641,0.2269100033908273,0.30627360047230096
weather,F1,OPNs vs KKM(r),Wilcoxon test,0.001953125,** (p<0.01),0.2751124117565217,0.23537818759767928,0.3148466359153641
weather,F1,OPNs vs TDEC,Paired t-test,0.3141434227182803,ns (Not Significant),0.0390021343238095,-0.043756856352354254,0.12176112499997326
weather,F1,OPNs vs ZEUS,Wilcoxon test,0.3671875,ns (Not Significant),-0.04652319907619049,-0.14148197850938296,0.04843558035700198
weather,F1,OPNs vs IDC,Wilcoxon test,0.896484375,ns (Not Significant),0.040738705752380935,-0.15152376021847597,0.2330011717232378
hayes_roth,F1,OPNs vs EDK,Paired t-test,0.0034433940680513695,** (p<0.01),0.20478628092076664,0.08699255949111838,0.3225800023504149
hayes_roth,F1,OPNs vs MDK,Paired t-test,7.695126871443276e-05,** (p<0.01),0.2762324754353345,0.1846607085258912,0.3678042423447778
hayes_roth,F1,OPNs vs CDK,Paired t-test,0.00018606820525449142,** (p<0.01),0.26697189962931783,0.16746510504172854,0.36647869421690715
hayes_roth,F1,OPNs vs KKM(p),Paired t-test,0.0002740134267148276,** (p<0.01),0.1464593121933062,0.08890544357073304,0.20401318081587938
hayes_roth,F1,OPNs vs KKM(l),Paired t-test,0.002706688236696855,** (p<0.01),0.16600472580917774,0.0742456226549686,0.2577638289633869
hayes_roth,F1,OPNs vs KKM(r),Paired t-test,0.002088796343266308,** (p<0.01),0.1766763323404697,0.08301619358419178,0.27033647109674763
hayes_roth,F1,OPNs vs TDEC,Paired t-test,0.03796281507595447,* (p<0.05),0.0890082612043273,0.006158707291652937,0.17185781511700166
hayes_roth,F1,OPNs vs ZEUS,Paired t-test,0.11004986291287389,ns (Not Significant),0.08676748570432727,-0.023961907924553855,0.1974968793332084
hayes_roth,F1,OPNs vs IDC,Paired t-test,0.11404063535529595,ns (Not Significant),-0.11769755120594627,-0.26983912132994503,0.03444401891805246
phoneme,F1,OPNs vs EDK,Wilcoxon test,0.001953125,** (p<0.01),0.23965297899582647,0.0931981978819594,0.3861077601096935
phoneme,F1,OPNs vs MDK,Wilcoxon test,0.001953125,** (p<0.01),0.2486218506318995,0.11662359247335924,0.3806201087904398
phoneme,F1,OPNs vs CDK,Wilcoxon test,0.001953125,** (p<0.01),0.27495704565169293,0.12333662714726656,0.4265774641561193
phoneme,F1,OPNs vs KKM(p),Wilcoxon test,0.001953125,** (p<0.01),0.3351950017526456,0.3346350933314427,0.3357549101738485
phoneme,F1,OPNs vs KKM(l),Wilcoxon test,0.001953125,** (p<0.01),0.3351950017526456,0.3346350933314427,0.3357549101738485
phoneme,F1,OPNs vs KKM(r),Wilcoxon test,0.001953125,** (p<0.01),0.3351950017526456,0.3346350933314427,0.3357549101738485
phoneme,F1,OPNs vs TDEC,Paired t-test,0.0027585335327758626,** (p<0.01),0.1357928778966491,0.060500149530168315,0.2110856062631299
phoneme,F1,OPNs vs ZEUS,Wilcoxon test,0.001953125,** (p<0.01),0.2726960660966491,0.221614650491048,0.3237774817022502
phoneme,F1,OPNs vs IDC,Paired t-test,0.5858309682064053,ns (Not Significant),0.0025536737059315695,-0.007669427804660043,0.012776775216523182
monk_2,F1,OPNs vs EDK,Paired t-test,3.287548185451972e-07,** (p<0.01),0.32580373828608644,0.270197568508152,0.38140990806402086
monk_2,F1,OPNs vs MDK,Wilcoxon test,0.001953125,** (p<0.01),0.3300068798802977,0.31509792939171943,0.34491583036887596
monk_2,F1,OPNs vs CDK,Wilcoxon test,0.001953125,** (p<0.01),0.35641614628956414,0.30866326277551365,0.40416902980361463
monk_2,F1,OPNs vs KKM(p),Wilcoxon test,0.001953125,** (p<0.01),0.4101191999933899,0.3184252604483681,0.5018131395384117
monk_2,F1,OPNs vs KKM(l),Paired t-test,0.00011134821426890486,** (p<0.01),0.31578719280929024,0.2058990001512722,0.4256753854673083
monk_2,F1,OPNs vs KKM(r),Wilcoxon test,0.001953125,** (p<0.01),0.3215490619526521,0.19369005484407784,0.4494080690612263
monk_2,F1,OPNs vs TDEC,Paired t-test,0.0008578983343397848,** (p<0.01),0.12632527949419722,0.06790149015712897,0.18474906883126546
monk_2,F1,OPNs vs ZEUS,Wilcoxon test,0.001953125,** (p<0.01),0.2910950824941972,0.24507526408358127,0.3371149009048131
monk_2,F1,OPNs vs IDC,Paired t-test,1.128056174690093e-06,** (p<0.01),-0.14024576939574365,-0.1678991797634677,-0.11259235902801963
led7digit,F1,OPNs vs EDK,Paired t-test,1.525580626569838e-08,** (p<0.01),0.46515656509687975,0.40935120866101093,0.5209619215327486
led7digit,F1,OPNs vs MDK,Paired t-test,1.028047790075663e-08,** (p<0.01),0.46736036276061654,0.4137482059079906,0.5209725196132425
led7digit,F1,OPNs vs CDK,Paired t-test,4.994028975297272e-10,** (p<0.01),0.4734142309284552,0.43480599500043543,0.512022466856475
led7digit,F1,OPNs vs KKM(p),Paired t-test,0.023799482812880666,* (p<0.05),0.06937447722241238,0.011572465476949338,0.12717648896787542
led7digit,F1,OPNs vs KKM(l),Paired t-test,0.10321706138333106,ns (Not Significant),0.04940021627978883,-0.012233177371052763,0.11103360993063041
led7digit,F1,OPNs vs KKM(r),Paired t-test,0.3622368918816522,ns (Not Significant),0.02881924894168139,-0.039106044860014316,0.0967445427433771
led7digit,F1,OPNs vs TDEC,Paired t-test,8.520095208702106e-06,** (p<0.01),0.18456055289892292,0.13818304753810862,0.23093805825973723
led7digit,F1,OPNs vs ZEUS,Paired t-test,0.010666569714561815,* (p<0.05),-0.08855032980107708,-0.15096237465137563,-0.02613828495077853
led7digit,F1,OPNs vs IDC,Paired t-test,2.2732811307363074e-06,** (p<0.01),-0.16013838991144652,-0.19445002331784636,-0.12582675650504668
appendicitis,F1,OPNs vs EDK,Wilcoxon test,0.001953125,** (p<0.01),0.21379831411816214,0.004993015443583215,0.42260361279274106
appendicitis,F1,OPNs vs MDK,Wilcoxon test,0.001953125,** (p<0.01),0.1307358728163329,0.014541222331034137,0.24693052330163165
appendicitis,F1,OPNs vs CDK,Wilcoxon test,0.001953125,** (p<0.01),0.3368517599289872,0.16604109739378226,0.5076624224641921
appendicitis,F1,OPNs vs KKM(p),Wilcoxon test,0.001953125,** (p<0.01),0.06850143676157616,-0.003644047740135617,0.14064692126328793
appendicitis,F1,OPNs vs KKM(l),Wilcoxon test,0.001953125,** (p<0.01),0.20404396401446143,0.09228143749461805,0.3158064905343048
appendicitis,F1,OPNs vs KKM(r),Wilcoxon test,0.001953125,** (p<0.01),0.08674579324334127,0.01933295438316225,0.15415863210352027
appendicitis,F1,OPNs vs TDEC,Wilcoxon test,0.001953125,** (p<0.01),0.3542189554888328,0.26063564702895853,0.4478022639487071
appendicitis,F1,OPNs vs ZEUS,Paired t-test,0.00036292110039495953,** (p<0.01),0.2169554818888328,0.12830147339547462,0.305609490382191
appendicitis,F1,OPNs vs IDC,Paired t-test,0.46141550032241885,ns (Not Significant),-0.03745435229341709,-0.14758747379074647,0.07267876920391228
ecoli,F1,OPNs vs EDK,Paired t-test,5.067859218945795e-06,** (p<0.01),0.22361389773446208,0.17086179126620316,0.276366004202721
ecoli,F1,OPNs vs MDK,Paired t-test,7.282362290029866e-06,** (p<0.01),0.23954724878994357,0.18049439304309117,0.298600104536796
ecoli,F1,OPNs vs CDK,Paired t-test,0.0001859624674215107,** (p<0.01),0.23123336468954783,0.1450538050125913,0.31741292436650437
ecoli,F1,OPNs vs KKM(p),Paired t-test,0.0008698366939025525,** (p<0.01),-0.1065219233865726,-0.15588789432767383,-0.057155952445471364
ecoli,F1,OPNs vs KKM(l),Paired t-test,0.0006646387945666864,** (p<0.01),-0.10375908728426095,-0.14998195973944073,-0.05753621482908115
ecoli,F1,OPNs vs KKM(r),Paired t-test,0.0076534999240631015,** (p<0.01),-0.07070277810797217,-0.11749803059968117,-0.02390752561626317
ecoli,F1,OPNs vs TDEC,Paired t-test,4.42986783909264e-05,** (p<0.01),-0.2909378408336553,-0.38075011760085653,-0.2011255640664541
ecoli,F1,OPNs vs ZEUS,Paired t-test,0.0007024369622652185,** (p<0.01),0.10412951406634467,0.057366141814935524,0.15089288631775383
ecoli,F1,OPNs vs IDC,Paired t-test,9.375117596752954e-06,** (p<0.01),-0.36411288461665003,-0.45668637622477715,-0.2715393930085229
pima,F1,OPNs vs EDK,Wilcoxon test,0.001953125,** (p<0.01),0.2428267385181629,0.12381034078985956,0.36184313624646625
pima,F1,OPNs vs MDK,Wilcoxon test,0.001953125,** (p<0.01),0.18401886931783867,0.07669048428813886,0.2913472543475385
pima,F1,OPNs vs CDK,Wilcoxon test,0.001953125,** (p<0.01),0.2618549000970677,0.12966401274886755,0.39404578744526786
pima,F1,OPNs vs KKM(p),Wilcoxon test,0.001953125,** (p<0.01),0.07052663393629179,0.048334922623150825,0.09271834524943275
pima,F1,OPNs vs KKM(l),Wilcoxon test,0.001953125,** (p<0.01),0.07444842181677304,0.05941943790209449,0.08947740573145159
pima,F1,OPNs vs KKM(r),Wilcoxon test,0.001953125,** (p<0.01),0.07587122904311118,0.06583563112089334,0.08590682696532902
pima,F1,OPNs vs TDEC,Paired t-test,0.5061641009481173,ns (Not Significant),-0.018959757562088442,-0.08090479102190054,0.04298527589772366
pima,F1,OPNs vs ZEUS,Paired t-test,5.535703638448199e-05,** (p<0.01),0.2184424754379116,0.14905347554998105,0.28783147532584213
pima,F1,OPNs vs IDC,Paired t-test,0.43733622083428203,ns (Not Significant),-0.011261958231595958,-0.04260809910697813,0.02008418264378621
cars,F1,OPNs vs EDK,Paired t-test,4.6782548807598955e-05,** (p<0.01),0.2718984049396483,0.18737566616882415,0.3564211437104724
cars,F1,OPNs vs MDK,Wilcoxon test,0.001953125,** (p<0.01),0.29555056964869636,0.2072687307579713,0.3838324085394214
cars,F1,OPNs vs CDK,Paired t-test,4.369959764915385e-05,** (p<0.01),0.3179582185573725,0.21997542331421366,0.41594101380053133
cars,F1,OPNs vs KKM(p),Wilcoxon test,0.001953125,** (p<0.01),0.13826009141707657,0.11460395667411973,0.16191622616003343
cars,F1,OPNs vs KKM(l),Wilcoxon test,0.001953125,** (p<0.01),0.13232400780688341,0.10896814458724607,0.15567987102652076
cars,F1,OPNs vs KKM(r),Wilcoxon test,0.001953125,** (p<0.01),0.13308733958167035,0.10917247439755332,0.15700220476578738
cars,F1,OPNs vs TDEC,Paired t-test,0.0011221059271832115,** (p<0.01),-0.21580561204015797,-0.3197021129928461,-0.1119091110874698
cars,F1,OPNs vs ZEUS,Wilcoxon test,0.013671875,* (p<0.05),0.12728494805984208,0.04986073638956087,0.2047091597301233
cars,F1,OPNs vs IDC,Paired t-test,0.0003021498217800427,** (p<0.01),-0.1544804107549999,-0.21601288484339112,-0.0929479366666087
saheart,F1,OPNs vs EDK,Wilcoxon test,0.0234375,* (p<0.05),0.19755146377907573,0.09311834573259366,0.3019845818255578
saheart,F1,OPNs vs MDK,Wilcoxon test,0.53515625,ns (Not Significant),0.07449218575541884,-0.026637322216346127,0.1756216937271838
saheart,F1,OPNs vs CDK,Wilcoxon test,0.40625,ns (Not Significant),0.10478004775144167,-0.008688802285509917,0.21824889778839326
saheart,F1,OPNs vs KKM(p),Wilcoxon test,0.001953125,** (p<0.01),0.22748639875400128,0.21681172856229033,0.23816106894571223
saheart,F1,OPNs vs KKM(l),Wilcoxon test,0.001953125,** (p<0.01),0.22748639875400128,0.21681172856229033,0.23816106894571223
saheart,F1,OPNs vs KKM(r),Wilcoxon test,0.001953125,** (p<0.01),0.22748639875400128,0.21681172856229033,0.23816106894571223
saheart,F1,OPNs vs TDEC,Paired t-test,0.004740236562691713,** (p<0.01),0.08230035686918448,0.032308509525598564,0.13229220421277038
saheart,F1,OPNs vs ZEUS,Wilcoxon test,1.0,ns (Not Significant),0.02246407526918447,-0.06257260625288665,0.10750075679125558
saheart,F1,OPNs vs IDC,Paired t-test,0.00011750602842567336,** (p<0.01),-0.0758867249805649,-0.10248284101152123,-0.04929060894960856
heart,F1,OPNs vs EDK,Wilcoxon test,0.001953125,** (p<0.01),0.4923106701727731,0.25518033027402864,0.7294410100715175
heart,F1,OPNs vs MDK,Wilcoxon test,0.001953125,** (p<0.01),0.3576780758247569,0.10440064928970244,0.6109555023598114
heart,F1,OPNs vs CDK,Wilcoxon test,0.001953125,** (p<0.01),0.2350961818259682,0.024107946167392258,0.44608441748454414
heart,F1,OPNs vs KKM(p),Wilcoxon test,0.001953125,** (p<0.01),0.020631160016475282,0.01631661129119837,0.024945708741752195
heart,F1,OPNs vs KKM(l),Wilcoxon test,0.001953125,** (p<0.01),0.014458264673104626,0.010028932923100843,0.01888759642310841
heart,F1,OPNs vs KKM(r),Wilcoxon test,0.001953125,** (p<0.01),0.016734177366784696,0.011090789717426427,0.022377565016142964
heart,F1,OPNs vs TDEC,Paired t-test,3.283989590167213e-06,** (p<0.01),0.18649759756609022,0.14474128631409533,0.2282539088180851
heart,F1,OPNs vs ZEUS,Paired t-test,0.00016521405054940186,** (p<0.01),0.22135307876609017,0.14016263235968768,0.30254352517249267
heart,F1,OPNs vs IDC,Paired t-test,0.010134766849254385,* (p<0.05),0.05555222348969043,0.01678344620420228,0.09432100077517858
cleve,F1,OPNs vs EDK,Wilcoxon test,0.0703125,ns (Not Significant),0.24914066107980154,0.019570806086878445,0.47871051607272463
cleve,F1,OPNs vs MDK,Wilcoxon test,0.185546875,ns (Not Significant),0.24864374315847143,0.01651726294310657,0.4807702233738363
cleve,F1,OPNs vs CDK,Wilcoxon test,0.001953125,** (p<0.01),0.37073046427232365,0.14639392770461065,0.5950670008400366
cleve,F1,OPNs vs KKM(p),Paired t-test,0.09958813008423248,ns (Not Significant),0.004581137110218525,-0.0010642247440024932,0.010226498964439543
cleve,F1,OPNs vs KKM(l),Paired t-test,0.22794123833660584,ns (Not Significant),0.0031990331448830678,-0.002394242016534742,0.008792308306300877
cleve,F1,OPNs vs KKM(r),Paired t-test,0.10122235793344919,ns (Not Significant),0.004785724623399134,-0.0011448653284651172,0.010716314575263387
cleve,F1,OPNs vs TDEC,Paired t-test,4.195676176953786e-05,** (p<0.01),0.16063140524493535,0.11138740635523726,0.20987540413463346
cleve,F1,OPNs vs ZEUS,Paired t-test,0.007092309756116615,** (p<0.01),0.08319315854493539,0.02889688219428043,0.13748943489559035
cleve,F1,OPNs vs IDC,Paired t-test,0.0700727586916123,ns (Not Significant),-0.023906766924843594,-0.05022665326603818,0.0024131194163509936
cleveland,F1,OPNs vs EDK,Paired t-test,0.0003203921157470739,** (p<0.01),0.1392847402118507,0.08335124630667531,0.19521823411702607
cleveland,F1,OPNs vs MDK,Paired t-test,0.001882036880832426,** (p<0.01),0.11892229147841107,0.0569121149495114,0.18093246800731075
cleveland,F1,OPNs vs CDK,Paired t-test,0.0001497345433626325,** (p<0.01),0.16466230311164248,0.1050582369011698,0.22426636932211516
cleveland,F1,OPNs vs KKM(p),Paired t-test,0.32865235239993523,ns (Not Significant),0.01270571105272236,-0.01512385747778585,0.04053527958323057
cleveland,F1,OPNs vs KKM(l),Paired t-test,0.057295297047791245,ns (Not Significant),0.028319296957209916,-0.00108473708736374,0.057723331001783576
cleveland,F1,OPNs vs KKM(r),Paired t-test,0.049418899433072,* (p<0.05),0.031341245924868685,9.876749843959823e-05,0.06258372435129778
cleveland,F1,OPNs vs TDEC,Paired t-test,6.279284083101498e-09,** (p<0.01),-0.41251866197173526,-0.45726865893433444,-0.3677686650091361
cleveland,F1,OPNs vs ZEUS,Paired t-test,0.0024628177530743797,** (p<0.01),-0.06068480827173524,-0.09371732527793869,-0.027652291265531793
cleveland,F1,OPNs vs IDC,Paired t-test,0.09081393006265215,ns (Not Significant),-0.048694661964192934,-0.10686724141779357,0.009477917489407697
wine,F1,OPNs vs EDK,Wilcoxon test,0.001953125,** (p<0.01),0.7475944070939511,0.6299944228918435,0.8651943912960587
wine,F1,OPNs vs MDK,Wilcoxon test,0.00390625,** (p<0.01),0.6270393938860711,0.37098521261310596,0.8830935751590363
wine,F1,OPNs vs CDK,Wilcoxon test,0.001953125,** (p<0.01),0.6831037524531522,0.48731864488564824,0.8788888600206562
wine,F1,OPNs vs KKM(p),Paired t-test,5.4284636021672785e-05,** (p<0.01),-0.01191862533025364,-0.015695093309178506,-0.008142157351328776
wine,F1,OPNs vs KKM(l),Paired t-test,6.915784735873916e-08,** (p<0.01),-0.015855417509511527,-0.01811582946003021,-0.013595005558992845
wine,F1,OPNs vs KKM(r),Wilcoxon test,0.001953125,** (p<0.01),-0.02005421186977152,-0.02213666165483332,-0.01797176208470972
wine,F1,OPNs vs TDEC,Paired t-test,1.5424575781828135e-07,** (p<0.01),0.2869116723520085,0.2420533280914719,0.33177001661254507
wine,F1,OPNs vs ZEUS,Wilcoxon test,0.001953125,** (p<0.01),0.4779382673520085,0.4168542010907268,0.5390223336132902
wine,F1,OPNs vs IDC,Wilcoxon test,0.013671875,* (p<0.05),-0.03603386311597181,-0.05680326116808168,-0.015264465063861934
vowel,F1,OPNs vs EDK,Paired t-test,1.8381204581105994e-10,** (p<0.01),0.32143641474054746,0.2980025515541295,0.3448702779269654
vowel,F1,OPNs vs MDK,Paired t-test,1.942226966578864e-09,** (p<0.01),0.3423391231492921,0.30981181437507355,0.37486643192351066
vowel,F1,OPNs vs CDK,Paired t-test,3.023928726757447e-09,** (p<0.01),0.3317969023009065,0.2986569942070682,0.36493681039474485
vowel,F1,OPNs vs KKM(p),Paired t-test,3.6535361322221327e-09,** (p<0.01),0.24845549479570234,0.22310403484825037,0.2738069547431543
vowel,F1,OPNs vs KKM(l),Paired t-test,7.936151654680298e-10,** (p<0.01),0.22717520782186656,0.20765875821832147,0.24669165742541166
vowel,F1,OPNs vs KKM(r),Paired t-test,4.3794551201973417e-10,** (p<0.01),0.2405722257458381,0.22124003728177305,0.2599044142099031
vowel,F1,OPNs vs TDEC,Paired t-test,2.550898101440496e-08,** (p<0.01),-0.2333450438539486,-0.26302656004256036,-0.20366352766533685
vowel,F1,OPNs vs ZEUS,Paired t-test,7.850162890032462e-09,** (p<0.01),0.19290440814605136,0.17144224777122244,0.2143665685208803
vowel,F1,OPNs vs IDC,Paired t-test,0.0011044056674515705,** (p<0.01),-0.14556100094665628,-0.2154712026422912,-0.07565079925102136
penbased,F1,OPNs vs EDK,Wilcoxon test,0.001953125,** (p<0.01),0.7366693425062623,0.6606585224329165,0.8126801625796081
penbased,F1,OPNs vs MDK,Paired t-test,1.5693794348858343e-09,** (p<0.01),0.6937399240854052,0.6293885650136735,0.7580912831571369
penbased,F1,OPNs vs CDK,Paired t-test,3.457277058020989e-10,** (p<0.01),0.7508290417321783,0.6920730146846842,0.8095850687796725
penbased,F1,OPNs vs KKM(p),Paired t-test,8.846027401391259e-09,** (p<0.01),0.17825221352942822,0.15814995152660669,0.19835447553224975
penbased,F1,OPNs vs KKM(l),Paired t-test,8.846027401391259e-09,** (p<0.01),0.17825221352942822,0.15814995152660669,0.19835447553224975
penbased,F1,OPNs vs KKM(r),Paired t-test,1.9419733170483917e-05,** (p<0.01),0.12445816033764331,0.08983589878900558,0.15908042188628105
penbased,F1,OPNs vs TDEC,Paired t-test,1.8521344503595e-07,** (p<0.01),0.30319307780788796,0.2547764664545319,0.351609689161244
penbased,F1,OPNs vs ZEUS,Paired t-test,2.5256476423331292e-11,** (p<0.01),0.3963091619078879,0.37316996517412815,0.41944835864164765
penbased,F1,OPNs vs IDC,Paired t-test,0.0002053285311025108,** (p<0.01),-0.036794067450592126,-0.05069258568414283,-0.02289554921704142
vehicle,F1,OPNs vs EDK,Wilcoxon test,0.001953125,** (p<0.01),0.21788497867378492,0.11431927526594207,0.32145068208162775
vehicle,F1,OPNs vs MDK,Paired t-test,0.00045918912620199204,** (p<0.01),0.21975711484355825,0.12692709436286345,0.3125871353242531
vehicle,F1,OPNs vs CDK,Wilcoxon test,0.001953125,** (p<0.01),0.3062841363746797,0.19710825112673028,0.4154600216226292
vehicle,F1,OPNs vs KKM(p),Wilcoxon test,0.001953125,** (p<0.01),0.18199575899404766,0.09442887945060466,0.26956263853749063
vehicle,F1,OPNs vs KKM(l),Wilcoxon test,0.001953125,** (p<0.01),0.23779420537829873,0.13785829669684616,0.3377301140597513
vehicle,F1,OPNs vs KKM(r),Wilcoxon test,0.001953125,** (p<0.01),0.19329299746527534,0.12012140915141342,0.26646458577913723
vehicle,F1,OPNs vs TDEC,Paired t-test,0.012837078281182957,* (p<0.05),-0.1264684293338626,-0.21892174168078893,-0.03401511698693627
vehicle,F1,OPNs vs ZEUS,Wilcoxon test,0.00390625,** (p<0.01),0.11962207566613736,0.03144535432351009,0.20779879700876464
vehicle,F1,OPNs vs IDC,Wilcoxon test,0.009765625,** (p<0.01),-0.18381530334666302,-0.28486729404319855,-0.0827633126501275
hepatitis,F1,OPNs vs EDK,Wilcoxon test,0.001953125,** (p<0.01),0.4030052309161274,0.25961932099650087,0.5463911408357539
hepatitis,F1,OPNs vs MDK,Wilcoxon test,0.001953125,** (p<0.01),0.35013819050543915,0.1960884132229526,0.5041879677879257
hepatitis,F1,OPNs vs CDK,Wilcoxon test,0.001953125,** (p<0.01),0.3395973856798774,0.21988927970984617,0.45930549164990864
hepatitis,F1,OPNs vs KKM(p),Wilcoxon test,0.001953125,** (p<0.01),0.27209490111834206,0.2147844831509761,0.329405319085708
hepatitis,F1,OPNs vs KKM(l),Wilcoxon test,0.001953125,** (p<0.01),0.2975553777066382,0.2940167527765091,0.3010940026367673
hepatitis,F1,OPNs vs KKM(r),Wilcoxon test,0.001953125,** (p<0.01),0.2975553777066382,0.2940167527765091,0.3010940026367673
hepatitis,F1,OPNs vs TDEC,Paired t-test,9.031416743563869e-11,** (p<0.01),0.31539429063180824,0.29415976621370576,0.3366288150499107
hepatitis,F1,OPNs vs ZEUS,Paired t-test,0.0006100758045030791,** (p<0.01),0.2092428962318083,0.11717996836344381,0.3013058241001728
hepatitis,F1,OPNs vs IDC,Wilcoxon test,0.412109375,ns (Not Significant),-0.06868647649609731,-0.21082308061128857,0.07345012761909393
segment,F1,OPNs vs EDK,Paired t-test,9.778273731351945e-08,** (p<0.01),0.4831787690710305,0.41149928757724197,0.5548582505648191
segment,F1,OPNs vs MDK,Paired t-test,1.6369489365285325e-06,** (p<0.01),0.48797392723436095,0.38742351390101887,0.5885243405677031
segment,F1,OPNs vs CDK,Paired t-test,1.9349718571487726e-07,** (p<0.01),0.513920135990855,0.43143640180151394,0.596403870180196
segment,F1,OPNs vs KKM(p),Paired t-test,1.8634142982508986e-06,** (p<0.01),0.2147307249176333,0.16979800394264344,0.25966344589262313
segment,F1,OPNs vs KKM(l),Paired t-test,7.412749512072972e-06,** (p<0.01),0.15292674828398045,0.11514585501432281,0.1907076415536381
segment,F1,OPNs vs KKM(r),Paired t-test,0.00047517689023004604,** (p<0.01),0.09513147669621606,0.05474984017878045,0.13551311321365167
segment,F1,OPNs vs TDEC,Wilcoxon test,0.001953125,** (p<0.01),0.32106316560184606,0.2813903491365299,0.36073598206716223
segment,F1,OPNs vs ZEUS,Paired t-test,1.4491380905629307e-10,** (p<0.01),0.37674324140184606,0.3499992882807881,0.40348719452290405
segment,F1,OPNs vs IDC,Wilcoxon test,0.001953125,** (p<0.01),-0.25331127115252877,-0.2790813203576147,-0.2275412219474429
sonar,F1,OPNs vs EDK,Paired t-test,1.4901431534394704e-07,** (p<0.01),0.2802693358328466,0.23662368482434626,0.3239149868413469
sonar,F1,OPNs vs MDK,Wilcoxon test,0.001953125,** (p<0.01),0.25239423311777764,0.2158348945186695,0.2889535717168858
sonar,F1,OPNs vs CDK,Paired t-test,8.06891576679855e-06,** (p<0.01),0.23781206232748583,0.17844906991785647,0.2971750547371152
sonar,F1,OPNs vs KKM(p),Paired t-test,6.7586314951747335e-12,** (p<0.01),0.26501068223762225,0.25165504360735735,0.27836632086788715
sonar,F1,OPNs vs KKM(l),Wilcoxon test,0.001953125,** (p<0.01),0.35266334393074505,0.2943527986771262,0.4109738891843639
sonar,F1,OPNs vs KKM(r),Wilcoxon test,0.001953125,** (p<0.01),0.24137892015334614,0.17063662369767266,0.3121212166090196
sonar,F1,OPNs vs TDEC,Wilcoxon test,0.0078125,** (p<0.01),-0.1651708953627199,-0.27332207195973635,-0.05701971876570343
sonar,F1,OPNs vs ZEUS,Paired t-test,8.744304153150506e-05,** (p<0.01),0.1993022466372801,0.13212028164264566,0.26648421163191455
sonar,F1,OPNs vs IDC,Wilcoxon test,0.00390625,** (p<0.01),-0.09729727431283293,-0.12599190023805612,-0.06860264838760972
air,F1,OPNs vs EDK,Paired t-test,3.841897625777764e-07,** (p<0.01),0.2723225825838989,0.22499382771997745,0.31965133744782037
air,F1,OPNs vs MDK,Wilcoxon test,0.001953125,** (p<0.01),0.26833639928415826,0.2232551229984572,0.31341767556985933
air,F1,OPNs vs CDK,Wilcoxon test,0.00390625,** (p<0.01),0.195281807528616,0.11535782754599273,0.2752057875112393
air,F1,OPNs vs KKM(p),Paired t-test,1.0813345030534302e-15,** (p<0.01),0.25451520333266664,0.24966684638271983,0.2593635602826135
air,F1,OPNs vs KKM(l),Paired t-test,1.8224428633285416e-14,** (p<0.01),0.1861447096592746,0.18129024984071113,0.19099916947783807
air,F1,OPNs vs KKM(r),Paired t-test,1.65113253897761e-10,** (p<0.01),0.055278963613027886,0.0512970816851856,0.059260845540870175
air,F1,OPNs vs TDEC,Paired t-test,8.621357548472879e-06,** (p<0.01),-0.37717513230816224,-0.47209100557962347,-0.282259259036701
air,F1,OPNs vs ZEUS,Paired t-test,0.008881097729377656,** (p<0.01),0.06914803989183775,0.02209160193466503,0.11620447784901047
air,F1,OPNs vs IDC,Wilcoxon test,0.001953125,** (p<0.01),-0.45345681128268467,-0.47714445130024924,-0.4297691712651201
iris,ACC,OPNs vs EDK,Paired t-test,2.5378734414508877e-11,** (p<0.01),0.12200000000000003,0.11487297488716322,0.12912702511283683
iris,ACC,OPNs vs MDK,Wilcoxon test,0.001953125,** (p<0.01),0.10400000000000006,0.10153727521467795,0.10646272478532218
iris,ACC,OPNs vs CDK,Wilcoxon test,0.001953125,** (p<0.01),0.14400000000000013,0.14153727521467802,0.14646272478532224
iris,ACC,OPNs vs KKM(p),Wilcoxon test,0.001953125,** (p<0.01),0.10533333333333342,0.10231712378286127,0.10834954288380556
iris,ACC,OPNs vs KKM(l),Paired t-test,5.859629300113143e-12,** (p<0.01),0.13933333333333336,0.13242232904488968,0.14624433762177705
iris,ACC,OPNs vs KKM(r),Wilcoxon test,0.001953125,** (p<0.01),0.13133333333333336,0.12811447258703254,0.13455219407963417
iris,ACC,OPNs vs TDEC,Paired t-test,0.026277569670409694,* (p<0.05),0.09733320000000008,0.014389080450582806,0.18027731954941734
iris,ACC,OPNs vs ZEUS,Paired t-test,0.005747752157946059,** (p<0.01),0.09066666660000006,0.033694805259619424,0.14763852794038068
iris,ACC,OPNs vs IDC,Paired t-test,0.7899941277150174,ns (Not Significant),0.004000000000000026,-0.028979676530215104,0.03697967653021515
balance,ACC,OPNs vs EDK,Paired t-test,1.6024997796695583e-13,** (p<0.01),0.2024,0.19567716729197274,0.20912283270802726
balance,ACC,OPNs vs MDK,Wilcoxon test,0.001953125,** (p<0.01),0.19951999999999998,0.17707129431854987,0.22196870568145008
balance,ACC,OPNs vs CDK,Paired t-test,7.771563287228366e-12,** (p<0.01),0.21807999999999997,0.2069169273643321,0.22924307263566784
balance,ACC,OPNs vs KKM(p),Wilcoxon test,0.001953125,** (p<0.01),0.07455999999999997,0.060950776942310325,0.08816922305768962
balance,ACC,OPNs vs KKM(l),Paired t-test,2.8189352142553035e-07,** (p<0.01),0.06271999999999997,0.052204886129558356,0.07323511387044158
balance,ACC,OPNs vs KKM(r),Paired t-test,1.3562662279843513e-05,** (p<0.01),0.07343999999999998,0.053900548484531796,0.09297945151546816
balance,ACC,OPNs vs TDEC,Paired t-test,8.288818585291232e-05,** (p<0.01),0.16116579999999997,0.10721807445710782,0.21511352554289212
balance,ACC,OPNs vs ZEUS,Paired t-test,1.7048618600595726e-06,** (p<0.01),0.2573971532,0.2041022608235574,0.31069204557644264
balance,ACC,OPNs vs IDC,Paired t-test,2.215612389570772e-09,** (p<0.01),-0.17152000000000006,-0.18806071277323427,-0.15497928722676585
weather,ACC,OPNs vs EDK,Wilcoxon test,0.001953125,** (p<0.01),0.2727272727272728,0.24617788782352207,0.29927665763102357
weather,ACC,OPNs vs MDK,Wilcoxon test,0.001953125,** (p<0.01),0.2636363636363638,0.23005375292742675,0.2972189743453008
weather,ACC,OPNs vs CDK,Wilcoxon test,0.001953125,** (p<0.01),0.2590909090909092,0.23714413127522221,0.2810376869065962
weather,ACC,OPNs vs KKM(p),Paired t-test,3.221219618058112e-07,** (p<0.01),0.2818181818181819,0.23383302987885254,0.3298033337575113
weather,ACC,OPNs vs KKM(l),Wilcoxon test,0.001953125,** (p<0.01),0.2681818181818183,0.22925277820713946,0.30711085815649714
weather,ACC,OPNs vs KKM(r),Wilcoxon test,0.001953125,** (p<0.01),0.2772727272727274,0.23834368729804858,0.31620176724740623
weather,ACC,OPNs vs TDEC,Wilcoxon test,0.76953125,ns (Not Significant),0.002727190909090993,-0.06025322742853801,0.06570760924671999
weather,ACC,OPNs vs ZEUS,Wilcoxon test,0.3671875,ns (Not Significant),-0.042424242490909016,-0.13619309959825276,0.051344614616434726
weather,ACC,OPNs vs IDC,Wilcoxon test,0.896484375,ns (Not Significant),0.01090909090909098,-0.13290919912661256,0.15472738094479452
hayes_roth,ACC,OPNs vs EDK,Paired t-test,0.0001556644660379798,** (p<0.01),0.13875,0.08826332068646914,0.1892366793135309
hayes_roth,ACC,OPNs vs MDK,Paired t-test,0.00011066622049891875,** (p<0.01),0.16875,0.11007577176582381,0.2274242282341762
hayes_roth,ACC,OPNs vs CDK,Paired t-test,3.644890038758651e-05,** (p<0.01),0.18375,0.1284189172277902,0.2390810827722098
hayes_roth,ACC,OPNs vs KKM(p),Wilcoxon test,0.001953125,** (p<0.01),0.12375,0.07039713001971934,0.17710286998028066
hayes_roth,ACC,OPNs vs KKM(l),Paired t-test,0.0003420858715626778,** (p<0.01),0.14375,0.08549365763470493,0.20200634236529505
hayes_roth,ACC,OPNs vs KKM(r),Wilcoxon test,0.001953125,** (p<0.01),0.13499999999999998,0.07075325415337372,0.19924674584662624
hayes_roth,ACC,OPNs vs TDEC,Paired t-test,0.36013134829346294,ns (Not Significant),0.03493850000000001,-0.04703152226000974,0.11690852226000976
hayes_roth,ACC,OPNs vs ZEUS,Wilcoxon test,0.03515625,* (p<0.05),0.08544117650000001,0.0069707696242995165,0.1639115833757005
hayes_roth,ACC,OPNs vs IDC,Paired t-test,0.024692708411684007,* (p<0.05),-0.11749999999999998,-0.21621770509019306,-0.018782294909806888
phoneme,ACC,OPNs vs EDK,Wilcoxon test,0.001953125,** (p<0.01),0.10573649148778683,0.10490113821283625,0.1065718447627374
phoneme,ACC,OPNs vs MDK,Wilcoxon test,0.001953125,** (p<0.01),0.1325314581791266,0.13172311243681784,0.13333980392143535
phoneme,ACC,OPNs vs CDK,Wilcoxon test,0.001953125,** (p<0.01),0.0951517394522576,0.09434339370994886,0.09596008519456635
phoneme,ACC,OPNs vs KKM(p),Wilcoxon test,0.001953125,** (p<0.01),0.07387120651369358,0.07306286077138484,0.07467955225600233
phoneme,ACC,OPNs vs KKM(l),Wilcoxon test,0.001953125,** (p<0.01),0.07387120651369358,0.07306286077138484,0.07467955225600233
phoneme,ACC,OPNs vs KKM(r),Wilcoxon test,0.001953125,** (p<0.01),0.07387120651369358,0.07306286077138484,0.07467955225600233
phoneme,ACC,OPNs vs TDEC,Paired t-test,0.002072224421872161,** (p<0.01),0.11217950007401925,0.0527859819641307,0.1715730181839078
phoneme,ACC,OPNs vs ZEUS,Wilcoxon test,0.001953125,** (p<0.01),0.14799118477401924,0.1088866048114304,0.18709576473660805
phoneme,ACC,OPNs vs IDC,Paired t-test,0.00020594073207318595,** (p<0.01),-0.01813498890035632,-0.024988037944844135,-0.011281939855868502
monk_2,ACC,OPNs vs EDK,Wilcoxon test,0.001953125,** (p<0.01),0.28379629629629627,0.2339094246154823,0.33368316797711023
monk_2,ACC,OPNs vs MDK,Wilcoxon test,0.001953125,** (p<0.01),0.33055555555555555,0.3151635256472928,0.3459475854638183
monk_2,ACC,OPNs vs CDK,Wilcoxon test,0.001953125,** (p<0.01),0.29583333333333334,0.24669968147445223,0.3449669851922144
monk_2,ACC,OPNs vs KKM(p),Wilcoxon test,0.001953125,** (p<0.01),0.2833333333333333,0.24086942833190275,0.32579723833476393
monk_2,ACC,OPNs vs KKM(l),Wilcoxon test,0.001953125,** (p<0.01),0.24351851851851852,0.18887152669145818,0.29816551034557887
monk_2,ACC,OPNs vs KKM(r),Wilcoxon test,0.001953125,** (p<0.01),0.23055555555555554,0.16549201817780473,0.29561909293330635
monk_2,ACC,OPNs vs TDEC,Paired t-test,0.0012713054242335926,** (p<0.01),0.11756705555555555,0.059883015648010414,0.1752510954631007
monk_2,ACC,OPNs vs ZEUS,Paired t-test,2.3024520905578486e-09,** (p<0.01),0.28071411785555556,0.2535255345154167,0.3079027011956944
monk_2,ACC,OPNs vs IDC,Paired t-test,1.2790272095769165e-06,** (p<0.01),-0.1395593869731801,-0.16748864372856048,-0.11163013021779972
led7digit,ACC,OPNs vs EDK,Wilcoxon test,0.076171875,ns (Not Significant),0.02340000000000001,-0.014716882036204276,0.0615168820362043
led7digit,ACC,OPNs vs MDK,Paired t-test,0.05175411858285156,ns (Not Significant),0.039999999999999966,-0.00037667140048557035,0.0803766714004855
led7digit,ACC,OPNs vs CDK,Paired t-test,0.25362515972281535,ns (Not Significant),-0.018200000000000004,-0.05195898518556477,0.015558985185564766
led7digit,ACC,OPNs vs KKM(p),Paired t-test,0.029837072474429002,* (p<0.05),0.04199999999999998,0.005133083993606388,0.07886691600639358
led7digit,ACC,OPNs vs KKM(l),Paired t-test,0.28959353031140106,ns (Not Significant),0.021799999999999965,-0.022025690836017978,0.06562569083601791
led7digit,ACC,OPNs vs KKM(r),Paired t-test,0.730733294766375,ns (Not Significant),0.007400000000000006,-0.03974871969199299,0.054548719691993
led7digit,ACC,OPNs vs TDEC,Paired t-test,0.00020585802690919515,** (p<0.01),0.139354,0.08669625484926038,0.19201174515073963
led7digit,ACC,OPNs vs ZEUS,Paired t-test,0.040102850970174096,* (p<0.05),-0.055070588200000006,-0.10704590671386607,-0.003095269686133946
led7digit,ACC,OPNs vs IDC,Paired t-test,9.099763401395347e-07,** (p<0.01),-0.12560000000000002,-0.1497466366220165,-0.10145336337798352
appendicitis,ACC,OPNs vs EDK,Paired t-test,0.0007980374518259002,** (p<0.01),0.031132075471698106,0.016886898778597004,0.04537725216479921
appendicitis,ACC,OPNs vs MDK,Wilcoxon test,0.001953125,** (p<0.01),0.07735849056603772,0.0673993080880637,0.08731767304401174
appendicitis,ACC,OPNs vs CDK,Wilcoxon test,0.001953125,** (p<0.01),0.1301886792452831,0.12592045818329423,0.13445690030727198
appendicitis,ACC,OPNs vs KKM(p),Wilcoxon test,0.6875,ns (Not Significant),0.0037735849056603765,-0.012510422741430757,0.02005759255275151
appendicitis,ACC,OPNs vs KKM(l),Wilcoxon test,0.001953125,** (p<0.01),0.05943396226415093,0.053877983569801516,0.06498994095850034
appendicitis,ACC,OPNs vs KKM(r),Wilcoxon test,0.001953125,** (p<0.01),0.055660377358490554,0.050680786119503544,0.06063996859747756
appendicitis,ACC,OPNs vs TDEC,Paired t-test,9.48540996894365e-07,** (p<0.01),0.30017303584905664,0.24218212614964912,0.35816394554846415
appendicitis,ACC,OPNs vs ZEUS,Paired t-test,0.0003796138644874918,** (p<0.01),0.22240137234905663,0.13094675233190275,0.31385599236621053
appendicitis,ACC,OPNs vs IDC,Paired t-test,0.03316185376643872,* (p<0.05),-0.05214408233276159,-0.09908827819952754,-0.005199886465995646
ecoli,ACC,OPNs vs EDK,Wilcoxon test,0.001953125,** (p<0.01),0.14077380952380952,0.11629141063106124,0.1652562084165578
ecoli,ACC,OPNs vs MDK,Paired t-test,2.9465897430258367e-06,** (p<0.01),0.15386904761904763,0.11986288390195785,0.1878752113361374
ecoli,ACC,OPNs vs CDK,Wilcoxon test,0.001953125,** (p<0.01),0.2547619047619048,0.22324382581839544,0.28627998370541413
ecoli,ACC,OPNs vs KKM(p),Paired t-test,0.15533814107674979,ns (Not Significant),0.013095238095238071,-0.006005557755038743,0.03219603394551489
ecoli,ACC,OPNs vs KKM(l),Paired t-test,0.002012627509123642,** (p<0.01),0.02648809523809521,0.012528860612466096,0.040447329863724325
ecoli,ACC,OPNs vs KKM(r),Paired t-test,0.22732549651836864,ns (Not Significant),0.0077380952380952436,-0.005771935481598494,0.02124812595778898
ecoli,ACC,OPNs vs TDEC,Paired t-test,0.18455760876893995,ns (Not Significant),0.043452380952380944,-0.02495129619850709,0.11185605810326898
ecoli,ACC,OPNs vs ZEUS,Paired t-test,6.896750017199638e-10,** (p<0.01),0.36145594595238095,0.3308896576823761,0.3920222342223858
ecoli,ACC,OPNs vs IDC,Paired t-test,3.1003740052708874e-05,** (p<0.01),-0.14331232492997198,-0.18559100945349044,-0.10103364040645353
pima,ACC,OPNs vs EDK,Wilcoxon test,0.001953125,** (p<0.01),0.07968749999999998,0.078384943311458,0.08099005668854196
pima,ACC,OPNs vs MDK,Wilcoxon test,0.001953125,** (p<0.01),0.08476562500000002,0.0763029925575411,0.09322825744245895
pima,ACC,OPNs vs CDK,Wilcoxon test,0.001953125,** (p<0.01),0.07369791666666668,0.05920655773224904,0.08818927560108433
pima,ACC,OPNs vs KKM(p),Wilcoxon test,0.001953125,** (p<0.01),0.05638020833333333,0.04070733826083442,0.07205307840583224
pima,ACC,OPNs vs KKM(l),Wilcoxon test,0.001953125,** (p<0.01),0.07213541666666666,0.062207669237149814,0.0820631640961835
pima,ACC,OPNs vs KKM(r),Wilcoxon test,0.001953125,** (p<0.01),0.07526041666666666,0.06819663230016353,0.0823242010331698
pima,ACC,OPNs vs TDEC,Paired t-test,0.6616504380402941,ns (Not Significant),-0.009838199999999974,-0.05902671367036713,0.03935031367036719
pima,ACC,OPNs vs ZEUS,Paired t-test,1.9723427369693238e-05,** (p<0.01),0.19649478840000004,0.14172718187512734,0.25126239492487273
pima,ACC,OPNs vs IDC,Paired t-test,0.0913682094882648,ns (Not Significant),-0.021550324675324684,-0.04734708348976617,0.004246434139116802
cars,ACC,OPNs vs EDK,Paired t-test,5.811551765581302e-13,** (p<0.01),0.24005102040816326,0.23084783124288943,0.24925420957343708
cars,ACC,OPNs vs MDK,Wilcoxon test,0.001953125,** (p<0.01),0.24336734693877554,0.23528821421429663,0.25144647966325445
cars,ACC,OPNs vs CDK,Wilcoxon test,0.001953125,** (p<0.01),0.1193877551020408,0.06979161342017762,0.168983896783904
cars,ACC,OPNs vs KKM(p),Wilcoxon test,0.001953125,** (p<0.01),0.021428571428571363,0.013349438704092442,0.029507704153050283
cars,ACC,OPNs vs KKM(l),Wilcoxon test,0.001953125,** (p<0.01),0.04693877551020405,0.0359826783451047,0.0578948726753034
cars,ACC,OPNs vs KKM(r),Wilcoxon test,0.001953125,** (p<0.01),0.04719387755102038,0.0400869518019095,0.054300803300131255
cars,ACC,OPNs vs TDEC,Wilcoxon test,0.005859375,** (p<0.01),-0.17525510204081635,-0.2568170046894742,-0.09369319939215849
cars,ACC,OPNs vs ZEUS,Paired t-test,1.163814386191e-05,** (p<0.01),0.17936028255918365,0.1325319451301271,0.22618861998824022
cars,ACC,OPNs vs IDC,Paired t-test,4.522548887261006e-06,** (p<0.01),-0.15959054505094294,-0.19672491603293735,-0.12245617406894854
saheart,ACC,OPNs vs EDK,Wilcoxon test,0.001953125,** (p<0.01),0.06233766236493506,0.060579785148591116,0.064095539581279
saheart,ACC,OPNs vs MDK,Paired t-test,5.1654354601222404e-14,** (p<0.01),0.04458874461601734,0.04328302619989829,0.045894463032136394
saheart,ACC,OPNs vs CDK,Wilcoxon test,0.001953125,** (p<0.01),0.04632034634761907,0.044824457979979256,0.047816234715258886
saheart,ACC,OPNs vs KKM(p),Wilcoxon test,0.001953125,** (p<0.01),0.043506493533766274,0.043016849133077115,0.043996137934455434
saheart,ACC,OPNs vs KKM(l),Wilcoxon test,0.001953125,** (p<0.01),0.043506493533766274,0.043016849133077115,0.043996137934455434
saheart,ACC,OPNs vs KKM(r),Wilcoxon test,0.001953125,** (p<0.01),0.043506493533766274,0.043016849133077115,0.043996137934455434
saheart,ACC,OPNs vs TDEC,Paired t-test,0.0009331505966452282,** (p<0.01),0.09118614721341992,0.048483746669167486,0.13388854775767234
saheart,ACC,OPNs vs ZEUS,Paired t-test,0.05529266152416934,ns (Not Significant),0.06388364961341991,-0.0017890666733202942,0.12955636590016012
saheart,ACC,OPNs vs IDC,Paired t-test,7.691565751830912e-05,** (p<0.01),-0.06087836891561234,-0.08105848510282514,-0.04069825272839954
heart,ACC,OPNs vs EDK,Wilcoxon test,0.001953125,** (p<0.01),0.012592592592592567,0.0072642953150304345,0.0179208898701547
heart,ACC,OPNs vs MDK,Wilcoxon test,0.001953125,** (p<0.01),0.01888888892222219,0.018051052944358305,0.019726724900086076
heart,ACC,OPNs vs CDK,Paired t-test,7.786371159585677e-11,** (p<0.01),0.05148148148148143,0.048072450960505005,0.05489051200245785
heart,ACC,OPNs vs KKM(p),Wilcoxon test,0.001953125,** (p<0.01),0.0174074074333333,0.013447949033176112,0.021366865833490487
heart,ACC,OPNs vs KKM(l),Wilcoxon test,0.001953125,** (p<0.01),0.012222222214814782,0.007710337363801854,0.01673410706582771
heart,ACC,OPNs vs KKM(r),Wilcoxon test,0.001953125,** (p<0.01),0.014814814818518474,0.008824954826944186,0.020804674810092762
heart,ACC,OPNs vs TDEC,Wilcoxon test,0.001953125,** (p<0.01),0.17711985555555554,0.1334352355664849,0.22080447554462618
heart,ACC,OPNs vs ZEUS,Paired t-test,0.00014863079009771524,** (p<0.01),0.1951058197555555,0.12455185084044179,0.2656597886706692
heart,ACC,OPNs vs IDC,Paired t-test,0.013778709867660992,* (p<0.05),0.049999999999999954,0.01292319369841876,0.08707680630158116
cleve,ACC,OPNs vs EDK,Wilcoxon test,0.8125,ns (Not Significant),0.0010135135135134865,-0.0038266876232238827,0.005853714650250856
cleve,ACC,OPNs vs MDK,Wilcoxon test,0.5625,ns (Not Significant),-0.0023648648648648017,-0.007205066001602171,0.0024753362718725677
cleve,ACC,OPNs vs CDK,Paired t-test,0.11112696121504292,ns (Not Significant),0.003716216216216206,-0.0010428584856221586,0.00847529091805457
cleve,ACC,OPNs vs KKM(p),Paired t-test,0.21463946262920652,ns (Not Significant),0.0030405405405405372,-0.0021114073580369395,0.008192488439118014
cleve,ACC,OPNs vs KKM(l),Paired t-test,0.20420473732861677,ns (Not Significant),0.003040540540540526,-0.001983864111322612,0.008064945192403663
cleve,ACC,OPNs vs KKM(r),Wilcoxon test,0.078125,ns (Not Significant),0.005405405405405406,3.75440084760181e-05,0.010773266802334792
cleve,ACC,OPNs vs TDEC,Paired t-test,6.457773181530866e-05,** (p<0.01),0.14598172432432432,0.0986781930327534,0.19328525561589527
cleve,ACC,OPNs vs ZEUS,Paired t-test,0.010178748902037243,* (p<0.05),0.07906570342432435,0.02384125917872694,0.13429014766992176
cleve,ACC,OPNs vs IDC,Paired t-test,0.016993205636830953,* (p<0.05),-0.02650900900900901,-0.047036032044746,-0.005981985973272021
cleveland,ACC,OPNs vs EDK,Wilcoxon test,0.001953125,** (p<0.01),0.23535353536430983,0.2217071119667064,0.24899995876191328
cleveland,ACC,OPNs vs MDK,Paired t-test,1.9135737699352666e-09,** (p<0.01),0.21111111112188552,0.19108598910149216,0.23113623314227888
cleveland,ACC,OPNs vs CDK,Paired t-test,1.4041572787616209e-11,** (p<0.01),0.2383838383946128,0.22534863617029394,0.25141904061893167
cleveland,ACC,OPNs vs KKM(p),Paired t-test,0.8085608823868716,ns (Not Significant),0.001010101020538734,-0.008147542186504247,0.010167744227581713
cleveland,ACC,OPNs vs KKM(l),Paired t-test,0.4624764484386409,ns (Not Significant),0.003703703703703709,-0.007213553105029391,0.014620960512436809
cleveland,ACC,OPNs vs KKM(r),Paired t-test,0.05217724285131956,ns (Not Significant),0.008417508427946151,-9.821076329294236e-05,0.016933227619185247
cleveland,ACC,OPNs vs TDEC,Paired t-test,2.2384066363554515e-05,** (p<0.01),-0.13661300066296297,-0.17529719908503336,-0.09792880224089259
cleveland,ACC,OPNs vs ZEUS,Paired t-test,6.642443542243905e-07,** (p<0.01),0.17990131193703704,0.14657009765723764,0.21323252621683644
cleveland,ACC,OPNs vs IDC,Paired t-test,0.6333231543780463,ns (Not Significant),-0.00734006732962963,-0.04097073536024491,0.026290600700985656
wine,ACC,OPNs vs EDK,Wilcoxon test,0.001953125,** (p<0.01),-0.016853932757303524,-0.01953317213504608,-0.01417469337956097
wine,ACC,OPNs vs MDK,Wilcoxon test,0.25,ns (Not Significant),0.0016853933325842508,-0.00025590009228309424,0.003626686757451596
wine,ACC,OPNs vs CDK,Paired t-test,5.486076164438298e-06,** (p<0.01),0.023595505444943675,0.01797548552750915,0.0292155253623782
wine,ACC,OPNs vs KKM(p),Wilcoxon test,0.001953125,** (p<0.01),-0.01123595522921358,-0.015024971914900764,-0.007446938543526394
wine,ACC,OPNs vs KKM(l),Wilcoxon test,0.001953125,** (p<0.01),-0.016292135004494546,-0.018573425130148345,-0.014010844878840748
wine,ACC,OPNs vs KKM(r),Wilcoxon test,0.001953125,** (p<0.01),-0.0207865170269664,-0.022727810451833745,-0.018845223602099052
wine,ACC,OPNs vs TDEC,Paired t-test,2.6495560321217127e-07,** (p<0.01),0.2597527953325842,0.21651684355941828,0.3029887471057502
wine,ACC,OPNs vs ZEUS,Paired t-test,1.0063125280527898e-08,** (p<0.01),0.44850921623258416,0.3971840916425698,0.49983434082259853
wine,ACC,OPNs vs IDC,Wilcoxon test,0.005859375,** (p<0.01),-0.03776529355630468,-0.05650046701787949,-0.01903012009472987
vowel,ACC,OPNs vs EDK,Paired t-test,9.648868866626234e-11,** (p<0.01),0.26464646464242425,0.24669626585688037,0.28259666342796813
vowel,ACC,OPNs vs MDK,Paired t-test,3.948238745964109e-10,** (p<0.01),0.2728282828292929,0.25115762630002486,0.2944989393585609
vowel,ACC,OPNs vs CDK,Paired t-test,1.15781682048912e-11,** (p<0.01),0.2570707070666667,0.24331314170096396,0.2708282724323694
vowel,ACC,OPNs vs KKM(p),Paired t-test,2.479808686828579e-10,** (p<0.01),0.26050505050101014,0.2408650621757124,0.28014503882630787
vowel,ACC,OPNs vs KKM(l),Paired t-test,1.1422417172035115e-10,** (p<0.01),0.25292929292525257,0.2354467060385739,0.2704118798119312
vowel,ACC,OPNs vs KKM(r),Paired t-test,5.3818690090291166e-11,** (p<0.01),0.255353535349495,0.23912873246525312,0.2715783382337369
vowel,ACC,OPNs vs TDEC,Paired t-test,2.0860363589485196e-07,** (p<0.01),-0.1741411666707071,-0.20233484766060125,-0.14594748568081292
vowel,ACC,OPNs vs ZEUS,Paired t-test,9.633419268735241e-11,** (p<0.01),0.2712525253292929,0.2528575563143963,0.28964749434418946
vowel,ACC,OPNs vs IDC,Paired t-test,0.01635627624200068,* (p<0.05),-0.08404040404343435,-0.14859723932028535,-0.01948356876658336
penbased,ACC,OPNs vs EDK,Paired t-test,1.4176834822546322e-05,** (p<0.01),0.11526564774526929,0.08442967406311523,0.14610162142742333
penbased,ACC,OPNs vs MDK,Paired t-test,2.581831029811147e-07,** (p<0.01),0.14488719052678312,0.12084299061138334,0.1689313904421829
penbased,ACC,OPNs vs CDK,Wilcoxon test,0.001953125,** (p<0.01),0.08739992717161571,0.061183499447556175,0.11361635489567525
penbased,ACC,OPNs vs KKM(p),Paired t-test,2.2433110378525372e-09,** (p<0.01),0.13746360985618633,0.12418857605700832,0.15073864365536432
penbased,ACC,OPNs vs KKM(l),Paired t-test,2.581831029811147e-07,** (p<0.01),0.14488719052678312,0.12084299061138334,0.1689313904421829
penbased,ACC,OPNs vs KKM(r),Paired t-test,4.113425908535058e-06,** (p<0.01),0.10199235802969434,0.07852996876489945,0.12545474729448922
penbased,ACC,OPNs vs TDEC,Paired t-test,1.0070379590026457e-06,** (p<0.01),0.26618946778922853,0.21440022862560373,0.31797870695285335
penbased,ACC,OPNs vs ZEUS,Paired t-test,3.8167015764244774e-11,** (p<0.01),0.3900597434892285,0.36621004229891374,0.41390944467954327
penbased,ACC,OPNs vs IDC,Paired t-test,0.00015557517454199026,** (p<0.01),-0.03532397874242221,-0.04817625291278228,-0.022471704572062143
vehicle,ACC,OPNs vs EDK,Wilcoxon test,0.001953125,** (p<0.01),0.2179584507914636,0.1450040623108224,0.29091283927210476
vehicle,ACC,OPNs vs MDK,Wilcoxon test,0.001953125,** (p<0.01),0.16429414819075436,0.09101946929533264,0.23756882708617608
vehicle,ACC,OPNs vs CDK,Wilcoxon test,0.001953125,** (p<0.01),0.20117358080068345,0.12339484381601404,0.2789523177853529
vehicle,ACC,OPNs vs KKM(p),Wilcoxon test,0.001953125,** (p<0.01),0.18970785973165272,0.11661632927629732,0.2627993901870081
vehicle,ACC,OPNs vs KKM(l),Wilcoxon test,0.001953125,** (p<0.01),0.2146487581200688,0.1413511288165144,0.2879463874236232
vehicle,ACC,OPNs vs KKM(r),Wilcoxon test,0.001953125,** (p<0.01),0.20389225689477328,0.12957357667229674,0.2782109371172498
vehicle,ACC,OPNs vs TDEC,Paired t-test,0.09857687989629454,ns (Not Significant),-0.06678684877898564,-0.14880177580589574,0.015228078247924465
vehicle,ACC,OPNs vs ZEUS,Paired t-test,0.00021665711810068189,** (p<0.01),0.18317141532101439,0.11347275426837601,0.2528700763736528
vehicle,ACC,OPNs vs IDC,Paired t-test,0.012107303258969889,* (p<0.05),-0.12656247819075034,-0.21801192098313268,-0.03511303539836799
hepatitis,ACC,OPNs vs EDK,Wilcoxon test,0.001953125,** (p<0.01),0.14875,0.11438834897035707,0.1831116510296429
hepatitis,ACC,OPNs vs MDK,Wilcoxon test,0.001953125,** (p<0.01),0.12375,0.12092230354643238,0.12657769645356762
hepatitis,ACC,OPNs vs CDK,Wilcoxon test,0.001953125,** (p<0.01),0.2225,0.20864717308256345,0.23635282691743656
hepatitis,ACC,OPNs vs KKM(p),Wilcoxon test,0.001953125,** (p<0.01),0.036249999999999984,0.03342230354643237,0.039077696453567595
hepatitis,ACC,OPNs vs KKM(l),Wilcoxon test,0.001953125,** (p<0.01),0.036249999999999984,0.03342230354643237,0.039077696453567595
hepatitis,ACC,OPNs vs KKM(r),Wilcoxon test,0.001953125,** (p<0.01),0.036249999999999984,0.03342230354643237,0.039077696453567595
hepatitis,ACC,OPNs vs TDEC,Paired t-test,1.6561866076404822e-11,** (p<0.01),0.40802170000000004,0.3852953888435491,0.430748011156451
hepatitis,ACC,OPNs vs ZEUS,Paired t-test,3.927730343221782e-05,** (p<0.01),0.24597222219999998,0.17119734060855138,0.32074710379144855
hepatitis,ACC,OPNs vs IDC,Paired t-test,0.0012596041992879031,** (p<0.01),-0.06999999999999999,-0.10429695194940643,-0.03570304805059356
segment,ACC,OPNs vs EDK,Paired t-test,4.14329779337688e-05,** (p<0.01),0.09792207792900437,0.06795064906204902,0.1278935067959597
segment,ACC,OPNs vs MDK,Paired t-test,8.404799340931071e-06,** (p<0.01),0.07441558441601732,0.055747092713225546,0.0930840761188091
segment,ACC,OPNs vs CDK,Wilcoxon test,0.001953125,** (p<0.01),0.09774891774891778,0.08203832511059755,0.113459510387238
segment,ACC,OPNs vs KKM(p),Wilcoxon test,0.001953125,** (p<0.01),0.16597402597402597,0.11389337170733464,0.21805468024071728
segment,ACC,OPNs vs KKM(l),Paired t-test,4.0074554817639735e-07,** (p<0.01),0.118571428574026,0.0978625893280904,0.1392802678199616
segment,ACC,OPNs vs KKM(r),Paired t-test,0.0006199789444473241,** (p<0.01),0.08294372295497839,0.04636490055895274,0.11952254535100404
segment,ACC,OPNs vs TDEC,Paired t-test,2.2521968133876173e-11,** (p<0.01),0.3770277372294373,0.3552943147451469,0.39876115971372766
segment,ACC,OPNs vs ZEUS,Paired t-test,5.471388779936702e-13,** (p<0.01),0.43455963602943726,0.4180108218193281,0.45110845023954643
segment,ACC,OPNs vs IDC,Paired t-test,2.7778036838993217e-10,** (p<0.01),-0.19,-0.20450791398604967,-0.17549208601395033
sonar,ACC,OPNs vs EDK,Paired t-test,1.0908721983265787e-09,** (p<0.01),0.2259615384615384,0.20584220713358103,0.24608086978949578
sonar,ACC,OPNs vs MDK,Wilcoxon test,0.001953125,** (p<0.01),0.2317307692307692,0.21537288722025522,0.2480886512412832
sonar,ACC,OPNs vs CDK,Paired t-test,1.2982442136091156e-09,** (p<0.01),0.1923076923076923,0.17484616703294867,0.2097692175824359
sonar,ACC,OPNs vs KKM(p),Wilcoxon test,0.001953125,** (p<0.01),0.22644230769230766,0.21415382679180175,0.23873078859281358
sonar,ACC,OPNs vs KKM(l),Wilcoxon test,0.001953125,** (p<0.01),0.23317307692307693,0.22341178754678756,0.2429343662993663
sonar,ACC,OPNs vs KKM(r),Paired t-test,9.262436268580485e-09,** (p<0.01),0.20528846153846153,0.18201615162375534,0.22856077145316772
sonar,ACC,OPNs vs TDEC,Wilcoxon test,0.0078125,** (p<0.01),-0.16266032307692307,-0.2703101289131756,-0.05501051724067056
sonar,ACC,OPNs vs ZEUS,Paired t-test,2.5478506640014598e-05,** (p<0.01),0.17853021982307687,0.12714868278335864,0.2299117568627951
sonar,ACC,OPNs vs IDC,Wilcoxon test,0.00390625,** (p<0.01),-0.09599358974358975,-0.12436145050929384,-0.06762572897788566
air,ACC,OPNs vs EDK,Wilcoxon test,0.001953125,** (p<0.01),0.1590529249256268,0.1386139492322453,0.17949190061900833
air,ACC,OPNs vs MDK,Paired t-test,8.85839616627731e-14,** (p<0.01),0.1621169917779944,0.1570759731236835,0.16715801043230533
air,ACC,OPNs vs CDK,Paired t-test,9.335003473148701e-12,** (p<0.01),0.09888579400640671,0.0937194330173053,0.10405215499550811
air,ACC,OPNs vs KKM(p),Paired t-test,4.471476005838156e-14,** (p<0.01),0.1749303622515321,0.1698893435803128,0.17997138092275142
air,ACC,OPNs vs KKM(l),Paired t-test,1.809173048121605e-13,** (p<0.01),0.1651810586303622,0.15961988985108277,0.17074222740964162
air,ACC,OPNs vs KKM(r),Paired t-test,1.1034139225734569e-13,** (p<0.01),0.15543175500919224,0.15047902722503848,0.160384482793346
air,ACC,OPNs vs TDEC,Paired t-test,6.403185490605706e-05,** (p<0.01),-0.2628040876091922,-0.3478688715375728,-0.17773930368081164
air,ACC,OPNs vs ZEUS,Paired t-test,8.327254236823219e-06,** (p<0.01),0.1592919044908078,0.11937588950280892,0.19920791947880667
air,ACC,OPNs vs IDC,Paired t-test,1.690210484628397e-10,** (p<0.01),-0.32971603205363664,-0.35352862533615875,-0.30590343877111453
iris,ARI,OPNs vs EDK,Paired t-test,1.4943109712391354e-12,** (p<0.01),0.2640277260516946,0.2527823082830476,0.2752731438203416
iris,ARI,OPNs vs MDK,Wilcoxon test,0.001953125,** (p<0.01),0.230849887973827,0.22424783403935222,0.23745194190830177
iris,ARI,OPNs vs CDK,Wilcoxon test,0.001953125,** (p<0.01),0.29274380687325047,0.28608812086479324,0.2993994928817077
iris,ARI,OPNs vs KKM(p),Wilcoxon test,0.001953125,** (p<0.01),0.22916799598020168,0.22305052675094214,0.23528546520946123
iris,ARI,OPNs vs KKM(l),Paired t-test,9.278042434233373e-13,** (p<0.01),0.2887378297090595,0.27707595999658274,0.3003996994215362
iris,ARI,OPNs vs KKM(r),Wilcoxon test,0.001953125,** (p<0.01),0.2773783629907801,0.26978059041740077,0.28497613556415946
iris,ARI,OPNs vs TDEC,Paired t-test,0.010140712651323528,* (p<0.05),0.18894801084197027,0.05707009572082691,0.32082592596311366
iris,ARI,OPNs vs ZEUS,Wilcoxon test,0.013671875,* (p<0.05),0.2219228862419703,0.08428887498644891,0.35955689749749165
iris,ARI,OPNs vs IDC,Paired t-test,0.8162929404092075,ns (Not Significant),0.010266927613801425,-0.08682069959574809,0.10735455482335093
balance,ARI,OPNs vs EDK,Paired t-test,4.3227985939898695e-07,** (p<0.01),0.11322430372288798,0.09327399540799053,0.13317461203778544
balance,ARI,OPNs vs MDK,Wilcoxon test,0.00390625,** (p<0.01),0.10446595156458664,0.06348605519210278,0.1454458479370705
balance,ARI,OPNs vs CDK,Paired t-test,3.0235703511377134e-06,** (p<0.01),0.12384892494057372,0.09639275472267442,0.151305095158473
balance,ARI,OPNs vs KKM(p),Paired t-test,2.8075779388957118e-06,** (p<0.01),0.11261005332107947,0.08786595334404709,0.13735415329811185
balance,ARI,OPNs vs KKM(l),Paired t-test,4.882618339458605e-06,** (p<0.01),0.10747502865297923,0.08223477431159859,0.13271528299435986
balance,ARI,OPNs vs KKM(r),Wilcoxon test,0.001953125,** (p<0.01),0.11626079833528706,0.08393415917147495,0.14858743749909917
balance,ARI,OPNs vs TDEC,Paired t-test,0.12467925416360992,ns (Not Significant),0.06691499466403089,-0.022488856846555008,0.15631884617461678
balance,ARI,OPNs vs ZEUS,Paired t-test,0.0002143971891513635,** (p<0.01),0.1797574099640309,0.1114555131912616,0.24805930673680018
balance,ARI,OPNs vs IDC,Paired t-test,9.446784070262708e-10,** (p<0.01),-0.5098564069949403,-0.5545244649981687,-0.4651883489917119
weather,ARI,OPNs vs EDK,Wilcoxon test,0.001953125,** (p<0.01),0.5857662384425288,0.5096936560548332,0.6618388208302245
weather,ARI,OPNs vs MDK,Wilcoxon test,0.001953125,** (p<0.01),0.5788186273129736,0.4913654671630591,0.6662717874628881
weather,ARI,OPNs vs CDK,Wilcoxon test,0.001953125,** (p<0.01),0.5744487557670277,0.4975442449686789,0.6513532665653765
weather,ARI,OPNs vs KKM(p),Wilcoxon test,0.001953125,** (p<0.01),0.5897830039425289,0.49519581392705064,0.6843701939580071
weather,ARI,OPNs vs KKM(l),Wilcoxon test,0.001953125,** (p<0.01),0.5813856927499106,0.4922514341314915,0.6705199513683296
weather,ARI,OPNs vs KKM(r),Wilcoxon test,0.001953125,** (p<0.01),0.5919282424985592,0.4993625341372032,0.6844939508599153
weather,ARI,OPNs vs TDEC,Paired t-test,0.8141451761193519,ns (Not Significant),0.024247212912973642,-0.20233612392717695,0.25083054975312424
weather,ARI,OPNs vs ZEUS,Wilcoxon test,0.369140625,ns (Not Significant),-0.10109228708702638,-0.5288236298809977,0.32663905570694496
weather,ARI,OPNs vs IDC,Wilcoxon test,0.814453125,ns (Not Significant),-0.11775895375369302,-0.43493976693758274,0.19942185943019666
hayes_roth,ARI,OPNs vs EDK,Paired t-test,6.3635910332081765e-06,** (p<0.01),0.16738461591424794,0.12679262499047678,0.2079766068380191
hayes_roth,ARI,OPNs vs MDK,Wilcoxon test,0.001953125,** (p<0.01),0.20834215115594978,0.16874387809099198,0.2479404242209076
hayes_roth,ARI,OPNs vs CDK,Wilcoxon test,0.001953125,** (p<0.01),0.20614970095872284,0.17334314240340842,0.23895625951403726
hayes_roth,ARI,OPNs vs KKM(p),Paired t-test,3.650090790953229e-06,** (p<0.01),0.1563113951296803,0.12086672403651136,0.19175606622284921
hayes_roth,ARI,OPNs vs KKM(l),Paired t-test,1.2761702557625163e-05,** (p<0.01),0.17087679577395792,0.12575373783124408,0.21599985371667177
hayes_roth,ARI,OPNs vs KKM(r),Paired t-test,1.860992103056531e-05,** (p<0.01),0.16575881282701774,0.11989154534845903,0.21162608030557645
hayes_roth,ARI,OPNs vs TDEC,Paired t-test,0.18689288887084146,ns (Not Significant),0.053936467155949776,-0.031471112774837155,0.1393440470867367
hayes_roth,ARI,OPNs vs ZEUS,Paired t-test,1.834393553876212e-05,** (p<0.01),0.19248378095594978,0.13931683938670836,0.2456507225251912
hayes_roth,ARI,OPNs vs IDC,Paired t-test,0.3082701237772456,ns (Not Significant),-0.052082773543394925,-0.1611838014665306,0.05701825437974076
phoneme,ARI,OPNs vs EDK,Wilcoxon test,0.001953125,** (p<0.01),0.1848783869293439,0.18327671560767303,0.1864800582510148
phoneme,ARI,OPNs vs MDK,Wilcoxon test,0.001953125,** (p<0.01),0.22293621003692804,0.2213681477053923,0.2245042723684638
phoneme,ARI,OPNs vs CDK,Wilcoxon test,0.001953125,** (p<0.01),0.16776913541676614,0.16620107308523038,0.1693371977483019
phoneme,ARI,OPNs vs KKM(p),Wilcoxon test,0.001953125,** (p<0.01),0.2516841380615375,0.1878951235326809,0.3154731525903941
phoneme,ARI,OPNs vs KKM(l),Wilcoxon test,0.001953125,** (p<0.01),0.18526991963020223,0.18372823129770777,0.1868116079626967
phoneme,ARI,OPNs vs KKM(r),Wilcoxon test,0.001953125,** (p<0.01),0.18125547726345131,0.17964878033739723,0.1828621741895054
phoneme,ARI,OPNs vs TDEC,Paired t-test,0.829515224716874,ns (Not Significant),-0.012582752963071975,-0.14098787073683702,0.11582236481069307
phoneme,ARI,OPNs vs ZEUS,Paired t-test,3.608253128295458e-12,** (p<0.01),0.29785472713692795,0.2838586471943614,0.31185080707949453
phoneme,ARI,OPNs vs IDC,Paired t-test,0.01000085113337008,* (p<0.05),-0.024079681607940717,-0.04084142698464598,-0.0073179362312354515
monk_2,ARI,OPNs vs EDK,Wilcoxon test,0.001953125,** (p<0.01),0.4152038395002896,0.3626457951389501,0.4677618838616291
monk_2,ARI,OPNs vs MDK,Wilcoxon test,0.001953125,** (p<0.01),0.43973663791441825,0.39946244910422807,0.48001082672460843
monk_2,ARI,OPNs vs CDK,Wilcoxon test,0.001953125,** (p<0.01),0.4204791318592255,0.36678758462555017,0.4741706790929008
monk_2,ARI,OPNs vs KKM(p),Wilcoxon test,0.001953125,** (p<0.01),0.4192417283517759,0.36790815798777343,0.4705752987157784
monk_2,ARI,OPNs vs KKM(l),Paired t-test,1.8327162332230687e-07,** (p<0.01),0.3888674475449098,0.32684520412365614,0.4508896909661635
monk_2,ARI,OPNs vs KKM(r),Paired t-test,1.32068254529735e-06,** (p<0.01),0.37296189981181904,0.29803975830701906,0.447884041316619
monk_2,ARI,OPNs vs TDEC,Wilcoxon test,0.001953125,** (p<0.01),0.2596352509144183,0.15342833210745505,0.36584216972138156
monk_2,ARI,OPNs vs ZEUS,Wilcoxon test,0.001953125,** (p<0.01),0.4295488969144182,0.3938085318075734,0.46528926202126303
monk_2,ARI,OPNs vs IDC,Paired t-test,1.35961373211955e-06,** (p<0.01),-0.44741605974993853,-0.5376042049361445,-0.3572279145637326
led7digit,ARI,OPNs vs EDK,Paired t-test,0.11471937052775773,ns (Not Significant),-0.023419241216118707,-0.053757484590036486,0.006919002157799073
led7digit,ARI,OPNs vs MDK,Paired t-test,0.1186884551039856,ns (Not Significant),-0.020794876308309996,-0.04807168389178672,0.006481931275166726
led7digit,ARI,OPNs vs CDK,Paired t-test,0.0016129787261528188,** (p<0.01),-0.044124287492189794,-0.06658265075483565,-0.021665924229543942
led7digit,ARI,OPNs vs KKM(p),Paired t-test,0.5439351620633371,ns (Not Significant),0.007883285042487554,-0.020393257882034325,0.03615982796700943
led7digit,ARI,OPNs vs KKM(l),Paired t-test,0.2507746011914506,ns (Not Significant),-0.017366401017161824,-0.049371108277336484,0.014638306243012836
led7digit,ARI,OPNs vs KKM(r),Paired t-test,0.1518691928786924,ns (Not Significant),-0.026005201099592375,-0.06357904859696328,0.011568646397778534
led7digit,ARI,OPNs vs TDEC,Paired t-test,2.7775471487719626e-05,** (p<0.01),0.25361847657589065,0.17982923828526534,0.327407714866516
led7digit,ARI,OPNs vs ZEUS,Paired t-test,0.20204720510951052,ns (Not Significant),-0.03570575212410933,-0.09440016819768106,0.022988663949462404
led7digit,ARI,OPNs vs IDC,Paired t-test,5.520107240716268e-05,** (p<0.01),-0.11897124380861235,-0.15674913640214308,-0.08119335121508162
appendicitis,ARI,OPNs vs EDK,Paired t-test,0.0008114799461724904,** (p<0.01),0.07954896618836085,0.04305982090865526,0.11603811146806645
appendicitis,ARI,OPNs vs MDK,Wilcoxon test,0.001953125,** (p<0.01),0.18351582852694148,0.1632632413745448,0.20376841567933818
appendicitis,ARI,OPNs vs CDK,Paired t-test,2.7728009673315036e-12,** (p<0.01),0.2637195845081505,0.25168608236266277,0.2757530866536382
appendicitis,ARI,OPNs vs KKM(p),Wilcoxon test,0.001953125,** (p<0.01),0.09644515623894034,-0.02121522678518846,0.21410553926306913
appendicitis,ARI,OPNs vs KKM(l),Wilcoxon test,0.001953125,** (p<0.01),0.1722081748724726,0.1357750861883099,0.20864126355663531
appendicitis,ARI,OPNs vs KKM(r),Wilcoxon test,0.001953125,** (p<0.01),0.14535533860575212,0.12061617154164962,0.1700945056698546
appendicitis,ARI,OPNs vs TDEC,Paired t-test,0.0024847182967253647,** (p<0.01),0.16370255380084742,0.07446665112864248,0.25293845647305235
appendicitis,ARI,OPNs vs ZEUS,Wilcoxon test,0.001953125,** (p<0.01),0.41192249770084743,0.282127313014533,0.5417176823871619
appendicitis,ARI,OPNs vs IDC,Paired t-test,0.25534346692759224,ns (Not Significant),-0.12046545047572196,-0.34478806376132876,0.1038571628098848
ecoli,ARI,OPNs vs EDK,Paired t-test,0.008887347135957676,** (p<0.01),0.037134502594520176,0.011860472377025616,0.062408532812014736
ecoli,ARI,OPNs vs MDK,Wilcoxon test,0.083984375,ns (Not Significant),0.02728061976545056,-0.009016222743159556,0.06357746227406068
ecoli,ARI,OPNs vs CDK,Paired t-test,2.1304926136946197e-07,** (p<0.01),0.17202194782132335,0.14410330100148197,0.19994059464116473
ecoli,ARI,OPNs vs KKM(p),Paired t-test,0.1277427109960439,ns (Not Significant),-0.02292162589684143,-0.05383077628249799,0.00798752448881513
ecoli,ARI,OPNs vs KKM(l),Paired t-test,0.010245616784742919,* (p<0.05),0.03286537157123648,0.009881115836068908,0.055849627306404054
ecoli,ARI,OPNs vs KKM(r),Paired t-test,0.020845297595987067,* (p<0.05),0.05125286213124998,0.009787122966772727,0.09271860129572723
ecoli,ARI,OPNs vs TDEC,Paired t-test,0.003070504801852201,** (p<0.01),0.18699391762476095,0.08146749987084285,0.29252033537867905
ecoli,ARI,OPNs vs ZEUS,Wilcoxon test,0.001953125,** (p<0.01),0.4027229625247609,0.3639435410321169,0.44150238401740494
ecoli,ARI,OPNs vs IDC,Paired t-test,1.8094693882725438e-06,** (p<0.01),-0.312066688874267,-0.3771395715483178,-0.24699380620021613
pima,ARI,OPNs vs EDK,Wilcoxon test,0.001953125,** (p<0.01),0.13620645544081011,0.13361738793782602,0.13879552294379421
pima,ARI,OPNs vs MDK,Wilcoxon test,0.001953125,** (p<0.01),0.14150692337364118,0.1284850769814678,0.15452876976581456
pima,ARI,OPNs vs CDK,Wilcoxon test,0.001953125,** (p<0.01),0.1207814495524308,0.09905112483551531,0.14251177426934628
pima,ARI,OPNs vs KKM(p),Paired t-test,7.331557292626895e-06,** (p<0.01),0.10467826118093566,0.07885194646826066,0.13050457589361067
pima,ARI,OPNs vs KKM(l),Wilcoxon test,0.001953125,** (p<0.01),0.1237259677278506,0.10716100739434795,0.14029092806135326
pima,ARI,OPNs vs KKM(r),Wilcoxon test,0.001953125,** (p<0.01),0.12779462182511986,0.1164352294869627,0.13915401416327702
pima,ARI,OPNs vs TDEC,Paired t-test,0.6760943039630428,ns (Not Significant),-0.018357747838397633,-0.11454733334012861,0.07783183766333333
pima,ARI,OPNs vs ZEUS,Paired t-test,5.1537881901648445e-09,** (p<0.01),0.2376934252616024,0.21247836802297823,0.2629084825002265
pima,ARI,OPNs vs IDC,Paired t-test,0.15219594107614673,ns (Not Significant),-0.04123716726015201,-0.10087248446261005,0.018398149942306034
cars,ARI,OPNs vs EDK,Paired t-test,3.924147252695109e-14,** (p<0.01),0.34399913642930413,0.3342289782423362,0.35376929461627205
cars,ARI,OPNs vs MDK,Wilcoxon test,0.001953125,** (p<0.01),0.3502311053030641,0.3442504425914874,0.35621176801464083
cars,ARI,OPNs vs CDK,Wilcoxon test,0.001953125,** (p<0.01),0.21080936255130694,0.13242636033011673,0.28919236477249716
cars,ARI,OPNs vs KKM(p),Wilcoxon test,0.001953125,** (p<0.01),0.3137773416918238,0.3077966789802471,0.3197580044034005
cars,ARI,OPNs vs KKM(l),Paired t-test,7.307204972258562e-13,** (p<0.01),0.3431614782583327,0.329665294558979,0.3566576619576864
cars,ARI,OPNs vs KKM(r),Wilcoxon test,0.001953125,** (p<0.01),0.3422575838990999,0.33113484546759,0.3533803223306098
cars,ARI,OPNs vs TDEC,Paired t-test,0.6507465228184257,ns (Not Significant),-0.05578736969693587,-0.3253076923785521,0.21373295298468037
cars,ARI,OPNs vs ZEUS,Paired t-test,5.617197044163718e-05,** (p<0.01),0.29185756780306416,0.1989732965213163,0.384741839084812
cars,ARI,OPNs vs IDC,Paired t-test,3.787874675943948e-05,** (p<0.01),-0.2686087268792826,-0.349889160233744,-0.18732829352482122
saheart,ARI,OPNs vs EDK,Wilcoxon test,0.001953125,** (p<0.01),0.05662011635848365,0.050345020055962,0.0628952126610053
saheart,ARI,OPNs vs MDK,Wilcoxon test,0.001953125,** (p<0.01),0.036027404115646144,0.030118433097647487,0.0419363751336448
saheart,ARI,OPNs vs CDK,Wilcoxon test,0.001953125,** (p<0.01),0.03735804183973899,0.030731202162762334,0.043984881516715646
saheart,ARI,OPNs vs KKM(p),Wilcoxon test,0.001953125,** (p<0.01),0.057616371371130334,0.052122287682813476,0.06311045505944719
saheart,ARI,OPNs vs KKM(l),Wilcoxon test,0.001953125,** (p<0.01),0.056595567618761035,0.051199512600291375,0.061991622637230695
saheart,ARI,OPNs vs KKM(r),Wilcoxon test,0.001953125,** (p<0.01),0.06453477008996925,0.05904068640165239,0.0700288537782861
saheart,ARI,OPNs vs TDEC,Paired t-test,2.6067623678856574e-06,** (p<0.01),-0.2610838710843538,-0.31794573897087164,-0.20422200319783604
saheart,ARI,OPNs vs ZEUS,Paired t-test,0.13029407887156133,ns (Not Significant),0.041663641615646146,-0.014947115749174643,0.09827439898046694
saheart,ARI,OPNs vs IDC,Paired t-test,0.00016788410892681435,** (p<0.01),-0.11105347704662463,-0.1518749815371684,-0.07023197255608085
heart,ARI,OPNs vs EDK,Wilcoxon test,0.001953125,** (p<0.01),0.035265721999195324,0.020975083721261667,0.04955636027712898
heart,ARI,OPNs vs MDK,Wilcoxon test,0.001953125,** (p<0.01),0.052658097373116795,0.05040592353605153,0.05491027121018206
heart,ARI,OPNs vs CDK,Paired t-test,3.6936598880013134e-11,** (p<0.01),0.13615024690055355,0.12785595001332986,0.14444454378777724
heart,ARI,OPNs vs KKM(p),Wilcoxon test,0.001953125,** (p<0.01),0.048592379610492134,0.03770735766764169,0.05947740155334258
heart,ARI,OPNs vs KKM(l),Wilcoxon test,0.001953125,** (p<0.01),0.03430314589230275,0.022130150840902463,0.046476140943703045
heart,ARI,OPNs vs KKM(r),Wilcoxon test,0.001953125,** (p<0.01),0.04128863953030769,0.025324068613689712,0.05725321044692566
heart,ARI,OPNs vs TDEC,Wilcoxon test,0.001953125,** (p<0.01),0.3846218484726783,0.31299846800689984,0.4562452289384567
heart,ARI,OPNs vs ZEUS,Wilcoxon test,0.001953125,** (p<0.01),0.3765878763726782,0.2604549851045287,0.49272076764082773
heart,ARI,OPNs vs IDC,Paired t-test,0.011606719526027997,* (p<0.05),0.1328669718394747,0.03765975736256315,0.22807418631638626
cleve,ARI,OPNs vs EDK,Wilcoxon test,0.8125,ns (Not Significant),0.002697973985343588,-0.009487303496391764,0.014883251467078942
cleve,ARI,OPNs vs MDK,Wilcoxon test,0.55078125,ns (Not Significant),-0.005772623789919734,-0.017957901271655086,0.006412653691815619
cleve,ARI,OPNs vs CDK,Paired t-test,0.11098525438768804,ns (Not Significant),0.00935906812593897,-0.0026208880726842822,0.021339024324562222
cleve,ARI,OPNs vs KKM(p),Paired t-test,0.20885845226042948,ns (Not Significant),0.007752492620158413,-0.005202995460363334,0.02070798070068016
cleve,ARI,OPNs vs KKM(l),Paired t-test,0.1998024855918528,ns (Not Significant),0.007731109858992885,-0.004908215988942722,0.020370435706928494
cleve,ARI,OPNs vs KKM(r),Wilcoxon test,0.154296875,ns (Not Significant),0.013532080525854018,3.775029326856007e-05,0.02702641075843948
cleve,ARI,OPNs vs TDEC,Paired t-test,0.0001351928181797317,** (p<0.01),-0.12478358661550921,-0.16933973404675118,-0.08022743918426727
cleve,ARI,OPNs vs ZEUS,Paired t-test,0.0024512148105923512,** (p<0.01),0.17358409528449076,0.07916935682894449,0.267998833740037
cleve,ARI,OPNs vs IDC,Paired t-test,0.03627912681223448,* (p<0.05),-0.06325156974828032,-0.12146418229389014,-0.005038957202670495
cleveland,ARI,OPNs vs EDK,Paired t-test,1.8793911339893008e-08,** (p<0.01),0.21320760859496818,0.18701487546270426,0.2394003417272321
cleveland,ARI,OPNs vs MDK,Paired t-test,2.8983373319359663e-08,** (p<0.01),0.18046586504256037,0.15717392248357165,0.2037578076015491
cleveland,ARI,OPNs vs CDK,Paired t-test,1.5491981340890035e-09,** (p<0.01),0.21759145080938289,0.19743705707730752,0.23774584454145825
cleveland,ARI,OPNs vs KKM(p),Paired t-test,1.0154135780501307e-09,** (p<0.01),0.20858200540241562,0.19015929936079992,0.2270047114440313
cleveland,ARI,OPNs vs KKM(l),Paired t-test,4.737189839305443e-10,** (p<0.01),0.2082290206296427,0.19134774775018887,0.22511029350909656
cleveland,ARI,OPNs vs KKM(r),Paired t-test,1.5491358086373188e-09,** (p<0.01),0.20931317422984924,0.18992564317144173,0.22870070528825676
cleveland,ARI,OPNs vs TDEC,Paired t-test,0.0009104466745204439,** (p<0.01),0.1398399765232761,0.07459270114814238,0.20508725189840982
cleveland,ARI,OPNs vs ZEUS,Paired t-test,1.4167312824112554e-06,** (p<0.01),0.30591793382327614,0.24395135419473937,0.36788451345181294
cleveland,ARI,OPNs vs IDC,Paired t-test,0.2979913814802861,ns (Not Significant),-0.03890511754800985,-0.11858123537024158,0.04077100027422188
wine,ARI,OPNs vs EDK,Paired t-test,2.0331631115806014e-07,** (p<0.01),-0.04893357609263536,-0.05683248041745437,-0.04103467176781635
wine,ARI,OPNs vs MDK,Wilcoxon test,0.00390625,** (p<0.01),0.006680837405827833,0.0015773376830891753,0.011784337128566491
wine,ARI,OPNs vs CDK,Paired t-test,5.893726759255443e-06,** (p<0.01),0.0632847479574901,0.048079960248855025,0.07848953566612518
wine,ARI,OPNs vs KKM(p),Wilcoxon test,0.001953125,** (p<0.01),-0.030466090112594456,-0.04128426389523827,-0.019647916329950645
wine,ARI,OPNs vs KKM(l),Paired t-test,7.360136540873399e-08,** (p<0.01),-0.04719511463687215,-0.05397168526266442,-0.040418544011079874
wine,ARI,OPNs vs KKM(r),Wilcoxon test,0.001953125,** (p<0.01),-0.061073865390376826,-0.06617736511311549,-0.05597036566763817
wine,ARI,OPNs vs TDEC,Wilcoxon test,0.001953125,** (p<0.01),0.723178630676576,0.647307125690679,0.7990501356624728
wine,ARI,OPNs vs ZEUS,Paired t-test,4.3640463272363166e-10,** (p<0.01),0.835305761076576,0.7682078227495281,0.9024036994036237
wine,ARI,OPNs vs IDC,Wilcoxon test,0.005859375,** (p<0.01),-0.11361997128671084,-0.166852766406749,-0.060387176166672656
vowel,ARI,OPNs vs EDK,Paired t-test,3.334880070819647e-09,** (p<0.01),0.21546575170775953,0.19370587265687156,0.2372256307586475
vowel,ARI,OPNs vs MDK,Paired t-test,7.979276493063904e-09,** (p<0.01),0.2230814605430429,0.19821594028339604,0.24794698080268976
vowel,ARI,OPNs vs CDK,Paired t-test,2.7535038722816836e-09,** (p<0.01),0.211867065066743,0.1909283262617798,0.23280580387170619
vowel,ARI,OPNs vs KKM(p),Paired t-test,6.577558526879136e-09,** (p<0.01),0.22987583191627273,0.20480755916347837,0.2549441046690671
vowel,ARI,OPNs vs KKM(l),Paired t-test,3.913743452640206e-09,** (p<0.01),0.22002352349611115,0.19739798193729058,0.24264906505493172
vowel,ARI,OPNs vs KKM(r),Paired t-test,2.60216186723399e-09,** (p<0.01),0.2175264159877405,0.19616505754022645,0.23888777443525455
vowel,ARI,OPNs vs TDEC,Paired t-test,3.840126308469172e-07,** (p<0.01),0.21320970553214513,0.17615656113566383,0.25026284992862646
vowel,ARI,OPNs vs ZEUS,Paired t-test,1.8555714885585662e-10,** (p<0.01),0.32791234793214513,0.30398104023910205,0.3518436556251882
vowel,ARI,OPNs vs IDC,Paired t-test,0.11296108300061342,ns (Not Significant),-0.05432689453190348,-0.12431082632464804,0.015657037260841083
penbased,ARI,OPNs vs EDK,Paired t-test,2.1780659519984093e-07,** (p<0.01),0.13092893708890266,0.10962515814894966,0.15223271602885566
penbased,ARI,OPNs vs MDK,Paired t-test,5.169481703058822e-08,** (p<0.01),0.14981995510416127,0.12916161409175758,0.17047829611656495
penbased,ARI,OPNs vs CDK,Paired t-test,1.1165823164003204e-07,** (p<0.01),0.10854737222347817,0.09219662539680946,0.12489811905014687
penbased,ARI,OPNs vs KKM(p),Paired t-test,9.273426266770914e-10,** (p<0.01),0.19007627028850374,0.17345851319484784,0.20669402738215964
penbased,ARI,OPNs vs KKM(r),Paired t-test,7.025283993207705e-06,** (p<0.01),0.13217516081448816,0.09973381433431572,0.1646165072946606
penbased,ARI,OPNs vs TDEC,Paired t-test,1.8490822973146595e-06,** (p<0.01),0.2979100002240801,0.23562906471029552,0.3601909357378647
penbased,ARI,OPNs vs ZEUS,Paired t-test,4.732245368424248e-11,** (p<0.01),0.4404336154240801,0.4128487277809626,0.4680185030671976
penbased,ARI,OPNs vs IDC,Paired t-test,0.00027492218373545695,** (p<0.01),-0.04827744420362682,-0.06725762105551597,-0.029297267351737672
vehicle,ARI,OPNs vs EDK,Wilcoxon test,0.001953125,** (p<0.01),0.2537984713089542,0.14821747837879934,0.3593794642391091
vehicle,ARI,OPNs vs MDK,Wilcoxon test,0.001953125,** (p<0.01),0.19579343149737713,0.09092085056720939,0.30066601242754487
vehicle,ARI,OPNs vs CDK,Wilcoxon test,0.001953125,** (p<0.01),0.2300769967498073,0.12426473763747535,0.33588925586213925
vehicle,ARI,OPNs vs KKM(p),Wilcoxon test,0.001953125,** (p<0.01),0.2504130090676012,0.14562298005722007,0.35520303807798237
vehicle,ARI,OPNs vs KKM(l),Wilcoxon test,0.001953125,** (p<0.01),0.24706978123690798,0.14251180172281175,0.3516277607510042
vehicle,ARI,OPNs vs KKM(r),Wilcoxon test,0.001953125,** (p<0.01),0.25187519338854353,0.1472538269497249,0.35649655982736217
vehicle,ARI,OPNs vs TDEC,Paired t-test,0.0006882930543493448,** (p<0.01),0.261370302055534,0.14433978240999026,0.3784008217010778
vehicle,ARI,OPNs vs ZEUS,Wilcoxon test,0.001953125,** (p<0.01),0.262336574255534,0.17443111241321288,0.3502420360978552
vehicle,ARI,OPNs vs IDC,Wilcoxon test,0.064453125,ns (Not Significant),-0.14697657258191069,-0.26584046040184267,-0.028112684761978687
hepatitis,ARI,OPNs vs EDK,Paired t-test,2.8003408296147586e-06,** (p<0.01),0.23309103713538265,0.18188914923930818,0.28429292503145714
hepatitis,ARI,OPNs vs MDK,Wilcoxon test,0.001953125,** (p<0.01),0.2298797086101679,0.22278736775185318,0.23697204946848263
hepatitis,ARI,OPNs vs CDK,Wilcoxon test,0.001953125,** (p<0.01),0.33373636977327187,0.3161201586796792,0.35135258086686455
hepatitis,ARI,OPNs vs KKM(p),Paired t-test,5.317367676952613e-07,** (p<0.01),0.18699815069354533,0.1532425603854271,0.22075374100166356
hepatitis,ARI,OPNs vs KKM(l),Wilcoxon test,0.001953125,** (p<0.01),0.17627961830953953,0.16659881057180337,0.1859604260472757
hepatitis,ARI,OPNs vs KKM(r),Paired t-test,2.141233039103047e-07,** (p<0.01),0.2602443197392182,0.21798284890091285,0.3025057905775235
hepatitis,ARI,OPNs vs TDEC,Paired t-test,5.083424921565129e-11,** (p<0.01),0.295840456117843,0.27716270850263336,0.3145182037330526
hepatitis,ARI,OPNs vs ZEUS,Paired t-test,2.389994508395457e-05,** (p<0.01),0.42146992491784296,0.30113975860168285,0.5418000912340031
hepatitis,ARI,OPNs vs IDC,Paired t-test,0.13762179010940392,ns (Not Significant),-0.19322216570612047,-0.46144414604097994,0.07499981462873903
segment,ARI,OPNs vs EDK,Wilcoxon test,0.001953125,** (p<0.01),0.12369593588775171,0.08502723548999366,0.16236463628550976
segment,ARI,OPNs vs MDK,Paired t-test,0.0002620735901432263,** (p<0.01),0.10735537675532462,0.06542639196097794,0.1492843615496713
segment,ARI,OPNs vs CDK,Wilcoxon test,0.00390625,** (p<0.01),0.14822871245505773,0.10145177484820372,0.19500565006191173
segment,ARI,OPNs vs KKM(p),Paired t-test,0.002044443536518319,** (p<0.01),0.19489064765148406,0.09192696899567482,0.2978543263072933
segment,ARI,OPNs vs KKM(l),Wilcoxon test,0.001953125,** (p<0.01),0.13838724268047187,0.10245458541184252,0.17431989994910121
segment,ARI,OPNs vs KKM(r),Paired t-test,0.0010187701988497641,** (p<0.01),0.12235119550304899,0.06429740669463979,0.18040498431145818
segment,ARI,OPNs vs TDEC,Wilcoxon test,0.001953125,** (p<0.01),0.5401485975555574,0.4867207986630815,0.5935763964480334
segment,ARI,OPNs vs ZEUS,Wilcoxon test,0.001953125,** (p<0.01),0.5870285346555574,0.549359033575555,0.6246980357355597
segment,ARI,OPNs vs IDC,Paired t-test,8.975241474767748e-06,** (p<0.01),-0.16737870721769282,-0.2097072210458169,-0.12505019338956874
sonar,ARI,OPNs vs EDK,Wilcoxon test,0.001953125,** (p<0.01),0.2856451762547815,0.2587092016759213,0.31258115083364163
sonar,ARI,OPNs vs MDK,Wilcoxon test,0.001953125,** (p<0.01),0.28895234743438464,0.2626459150134235,0.3152587798553458
sonar,ARI,OPNs vs CDK,Paired t-test,1.6625142770373374e-09,** (p<0.01),0.2687889462597032,0.24369361967323322,0.29388427284617313
sonar,ARI,OPNs vs KKM(p),Wilcoxon test,0.001953125,** (p<0.01),0.28741303766918275,0.2620511172437591,0.31277495809460637
sonar,ARI,OPNs vs KKM(l),Wilcoxon test,0.001953125,** (p<0.01),0.29087232281954695,0.26742393657640195,0.31432070906269194
sonar,ARI,OPNs vs KKM(r),Paired t-test,2.8789293795046423e-09,** (p<0.01),0.27574833885196803,0.2483588993179012,0.3031377783860349
sonar,ARI,OPNs vs TDEC,Wilcoxon test,0.41015625,ns (Not Significant),-0.40942591746561546,-0.877019802192734,0.05816796726150314
sonar,ARI,OPNs vs ZEUS,Paired t-test,3.9096680147397693e-07,** (p<0.01),0.28007221173438457,0.23129736670746556,0.32884705676130355
sonar,ARI,OPNs vs IDC,Paired t-test,6.062728845944816e-05,** (p<0.01),-0.2405717258088227,-0.31789197937958996,-0.16325147223805542
air,ARI,OPNs vs EDK,Wilcoxon test,0.001953125,** (p<0.01),0.27399953391091286,0.233501675281586,0.31449739254023973
air,ARI,OPNs vs MDK,Paired t-test,1.5881749986604765e-14,** (p<0.01),0.2895397212685841,0.2821035095232361,0.29697593301393216
air,ARI,OPNs vs CDK,Paired t-test,1.2323197140831534e-12,** (p<0.01),0.1803390443577799,0.17282130149859629,0.1878567872169635
air,ARI,OPNs vs KKM(p),Paired t-test,1.1845801176141796e-14,** (p<0.01),0.2915795775132207,0.28433124610663013,0.2988279089198113
air,ARI,OPNs vs KKM(l),Paired t-test,1.260013366253184e-14,** (p<0.01),0.2899730133229762,0.2827149550183192,0.2972310716276332
air,ARI,OPNs vs KKM(r),Paired t-test,2.6522628761052307e-13,** (p<0.01),0.22363339677171185,0.21577675392557036,0.23149003961785333
air,ARI,OPNs vs TDEC,Paired t-test,0.0010091641591907113,** (p<0.01),-0.3791357467314158,-0.5587745892423199,-0.19949690422051175
air,ARI,OPNs vs ZEUS,Paired t-test,1.3616885909979981e-08,** (p<0.01),0.2870872778685841,0.2530870224867522,0.32108753325041606
air,ARI,OPNs vs IDC,Paired t-test,2.2416506808547115e-08,** (p<0.01),-0.5048927122209093,-0.5681764093656928,-0.44160901507612565
